time,latitude,longitude,depth,mag,magType,nst,gap,dmin,rms,net,id,updated,place,type,horizontalError,depthError,magError,magNst,status,locationSource,magSource
2020-01-13T02:01:40.627Z,-40.2568,-71.1867,162.88,5.3,mww,,34,1.087,1.14,us,us70006yzw,2020-01-13T02:32:33.040Z,"17km SE of San Martin de los Andes, Argentina",earthquake,6.7,4.5,0.06,27,reviewed,us,us
2020-01-12T21:42:36.962Z,-1.729,-91.5054,10,4.6,mb,,282,1.607,0.81,us,us70006ywq,2020-01-12T22:27:29.040Z,"104km SW of Puerto Villamil, Ecuador",earthquake,9.1,2,0.044,150,reviewed,us,us
2020-01-12T19:06:33.550Z,-7.1204,155.485,78,4.6,mb,,190,4.403,0.8,us,us70006yv6,2020-01-12T20:01:27.040Z,"88km S of Panguna, Papua New Guinea",earthquake,15,10.2,0.101,29,reviewed,us,us
2020-01-12T16:48:05.362Z,-7.3577,155.8617,35,5.2,mb,,86,4.84,0.74,us,us70006yte,2020-01-12T17:38:22.040Z,"110km SW of Chirovanga, Solomon Islands",earthquake,9.5,2,0.051,126,reviewed,us,us
2020-01-12T16:44:33.649Z,-22.6378,-177.3702,332.52,4.8,mb,,163,6.493,0.67,us,us70006ytb,2020-01-12T17:28:20.040Z,"259km SSE of Ndoi Island, Fiji",earthquake,13.7,9.4,0.093,36,reviewed,us,us
2020-01-12T16:22:25.805Z,52.0951,178.1523,137.32,4.9,mb,,78,0.266,0.54,us,us70006ysv,2020-01-12T19:02:18.040Z,"29km NW of Little Sitkin Island, Alaska",earthquake,5.2,6.4,0.03,348,reviewed,us,us
2020-01-12T15:23:07.527Z,-39.0511,-91.8166,10,4.7,mb,,109,15.084,0.93,us,us70006yrz,2020-01-12T16:16:33.040Z,"West Chile Rise",earthquake,13.4,1.9,0.088,39,reviewed,us,us
2020-01-12T15:19:05.449Z,-21.9182,-67.4814,191.2,4.9,mwr,,42,1.214,0.47,us,us70006yru,2020-01-12T19:22:55.040Z,"133km NE of San Pedro de Atacama, Chile",earthquake,4.1,8.1,,,reviewed,us,guc
2020-01-12T11:20:30.150Z,-20.8239,-70.0443,53.67,4.6,mwr,,82,0.101,0.58,us,us70006ypy,2020-01-12T12:01:29.757Z,"67km S of Iquique, Chile",earthquake,3.4,3.5,0.061,26,reviewed,us,us
2020-01-12T10:55:00.350Z,17.9033,-66.8765,7,4.5,ml,14,217,0.1803,0.21,pr,pr2020012007,2020-01-12T21:40:04.688Z,"8km SSE of Guanica, Puerto Rico",earthquake,1.28,1.8,0.29,9,reviewed,pr,pr
2020-01-12T10:53:45.238Z,9.5305,126.1643,28.87,5.1,mb,,46,2.512,0.76,us,us70006yps,2020-01-13T01:22:04.413Z,"23km ESE of Socorro, Philippines",earthquake,8.4,5.4,0.068,71,reviewed,us,us
2020-01-12T10:45:17.548Z,2.0559,97.8642,60.3,4.9,mb,,111,0.8,0.52,us,us70006ypl,2020-01-12T11:16:29.040Z,"85km W of Onan Ganjang, Indonesia",earthquake,6.1,5.6,0.099,32,reviewed,us,us
2020-01-12T10:21:25.666Z,-6.6623,127.5041,405.77,4.5,mb,,47,3.986,0.72,us,us70006yp5,2020-01-12T11:21:39.040Z,"298km NE of Dili, East Timor",earthquake,4.7,9.1,0.084,41,reviewed,us,us
2020-01-12T09:52:49.852Z,-7.191,154.9226,10,4.9,mb,,68,7.99,0.8,us,us70006yp1,2020-01-12T10:15:17.040Z,"114km SSW of Panguna, Papua New Guinea",earthquake,5.7,1.9,0.101,31,reviewed,us,us
2020-01-12T07:59:56.950Z,17.9556,-66.8865,8,4.9,ml,12,199,0.1583,0.32,pr,pr2020012004,2020-01-13T00:27:21.227Z,"1km NE of Guanica, Puerto Rico",earthquake,1.11,2.07,0,0,reviewed,pr,pr
2020-01-12T07:25:15.723Z,82.1428,117.8397,10,4.7,mb,,62,10.82,0.78,us,us70006yn3,2020-01-12T07:56:27.040Z,"North of Severnaya Zemlya",earthquake,5.8,2,0.115,23,reviewed,us,us
2020-01-12T05:23:56.806Z,35.0134,74.4597,10,5.1,mb,,75,1.679,0.66,us,us70006ymh,2020-01-12T07:03:02.428Z,"51km SW of Idgah, Pakistan",earthquake,5.6,1.8,0.042,180,reviewed,us,us
2020-01-12T02:27:00.459Z,-54.4228,5.229,10,5.6,mww,,39,17.664,1.38,us,us70006yla,2020-01-13T02:28:53.962Z,"121km E of Bouvet Island, Bouvet Island",earthquake,10.9,1.9,0.069,20,reviewed,us,us
2020-01-11T23:49:40.620Z,17.9423,-66.8395,8,4.6,ml,15,201,0.0515,0.28,pr,pr2020011032,2020-01-12T18:37:03.040Z,"12km S of Indios, Puerto Rico",earthquake,1.07,0.96,0.23,9,reviewed,pr,pr
2020-01-11T20:01:25.415Z,-4.3534,142.2635,107.87,4.9,mb,,70,5.587,0.95,us,us70006yia,2020-01-11T20:16:04.040Z,"65km WSW of Ambunti, Papua New Guinea",earthquake,3.9,8.2,0.105,29,reviewed,us,us
2020-01-11T15:55:41.376Z,43.3904,146.4242,53.6,4.7,mb,,167,2.772,0.91,us,us70006yfh,2020-01-11T17:20:24.040Z,"51km SSW of Shikotan, Russia",earthquake,10.5,9.5,0.054,102,reviewed,us,us
2020-01-11T14:22:05.718Z,16.5728,-97.9419,26.28,4.7,mb,,212,1.151,1.33,us,us70006yeh,2020-01-11T22:23:26.014Z,"17km N of Pinotepa de Don Luis, Mexico",earthquake,12.6,12.2,0.033,284,reviewed,us,us
2020-01-11T13:37:37.423Z,40.9186,28.2605,10,4.9,mb,,22,1.31,0.9,us,us70006ye3,2020-01-13T00:08:12.095Z,"18km S of Silivri, Turkey",earthquake,5.5,1.9,0.052,117,reviewed,us,us
2020-01-11T12:56:22.976Z,17.8242,-66.7948,10,5.2,mb,,190,0.17,0.91,us,us70006ye2,2020-01-13T01:55:29.365Z,"18km S of Indios, Puerto Rico",earthquake,1.5,2,0.087,48,reviewed,us,us
2020-01-11T12:54:45.910Z,17.949,-66.8508,5,5.9,mwp,12,199,0.1945,0.31,pr,pr2020011010,2020-01-13T02:08:24.840Z,"13km SE of Guanica, Puerto Rico",earthquake,1.11,1.58,0,0,reviewed,pr,pr
2020-01-11T09:03:19.672Z,-16.5941,167.6747,10,5.1,mb,,110,1.227,0.7,us,us70006y9r,2020-01-11T09:20:25.040Z,"59km SSE of Lakatoro, Vanuatu",earthquake,3.9,1.9,0.094,37,reviewed,us,us
2020-01-11T09:00:45.646Z,-29.5404,61.217,10,5.1,mb,,54,9.691,0.83,us,us70006y9s,2020-01-11T09:17:27.040Z,"Southwest Indian Ridge",earthquake,10.5,1.9,0.076,56,reviewed,us,us
2020-01-11T06:01:46.348Z,-24.2656,179.7975,518.93,4.8,mb,,61,6.689,0.74,us,us70006y6s,2020-01-11T06:18:13.040Z,"South of the Fiji Islands",earthquake,12.8,9.6,0.05,125,reviewed,us,us
2020-01-11T05:45:00.823Z,30.8743,141.8513,12.4,4.7,mb,,140,2.826,0.67,us,us70006y6m,2020-01-11T06:03:19.040Z,"Izu Islands, Japan region",earthquake,8.8,5.2,0.099,31,reviewed,us,us
2020-01-11T04:31:01.775Z,-7.5141,127.9151,151.74,4.5,mb,,90,4.238,0.76,us,us70006y59,2020-01-11T16:18:25.704Z,"282km ENE of Dili, East Timor",earthquake,11.4,10.1,0.157,12,reviewed,us,us
2020-01-11T02:28:21.460Z,17.9923,-66.7946,4,4.8,ml,12,179,0.0863,0.3,pr,pr2020011001,2020-01-12T02:40:10.276Z,"6km SSE of Indios, Puerto Rico",earthquake,1.11,1.13,0.09,6,reviewed,pr,pr
2020-01-11T02:16:50.918Z,13.5743,-91.2709,35,4.8,mb,,139,1.03,1.33,us,us70006y2u,2020-01-12T00:07:48.517Z,"61km SSW of La Gomera, Guatemala",earthquake,6.9,1.9,0.028,394,reviewed,us,us
2020-01-10T22:54:26.428Z,-29.8401,-178.8287,10,5.4,mb,,43,8.062,1.16,us,us70006xz6,2020-01-11T22:56:24.906Z,"110km SW of Raoul Island, New Zealand",earthquake,9.2,1.7,0.037,253,reviewed,us,us
2020-01-10T22:26:25.000Z,17.935,-66.883,9,5.2,ml,15,216,0.0403,0.15,pr,pr2020010060,2020-01-12T11:09:10.470Z,"4km SSW of Indios, Puerto Rico",earthquake,0.97,0.67,0.2,5,reviewed,pr,pr
2020-01-10T20:59:43.816Z,-53.1817,23.2193,10,5.4,mww,,21,19.591,0.72,us,us70006xv9,2020-01-11T21:01:20.723Z,"South of Africa",earthquake,4.8,1.7,0.069,20,reviewed,us,us
2020-01-10T20:06:41.093Z,-16.5949,167.4597,14.7,5.4,mww,,25,1.167,0.84,us,us70006xrf,2020-01-11T20:08:40.631Z,"53km S of Lakatoro, Vanuatu",earthquake,6.8,3.1,0.057,30,reviewed,us,us
2020-01-10T17:16:39.996Z,3.4789,128.112,19.74,4.8,mb,,110,2.79,0.91,us,us70006xm2,2020-01-11T15:47:22.040Z,"193km N of Tobelo, Indonesia",earthquake,7,4.5,0.06,95,reviewed,us,us
2020-01-10T16:32:31.407Z,-15.4443,167.3936,119.28,5,mb,,179,0.183,0.87,us,us70006xl2,2020-01-10T16:48:07.040Z,"26km ENE of Luganville, Vanuatu",earthquake,12,4.6,0.123,21,reviewed,us,us
2020-01-10T16:00:05.858Z,12.7453,-88.6699,52.69,4.8,mwr,,131,1.609,1.15,us,us70006xke,2020-01-10T22:49:06.524Z,"60km SSW of Puerto El Triunfo, El Salvador",earthquake,2.6,8.3,0.066,22,reviewed,us,us
2020-01-10T15:21:21.284Z,18.4179,-105.3145,10,5.4,mww,,172,4.054,0.92,us,us70006xjw,2020-01-11T15:23:58.891Z,"109km SW of San Patricio, Mexico",earthquake,11.4,1.9,0.08,15,reviewed,us,us
2020-01-10T15:06:36.129Z,-8.3951,128.8271,39.8,4.9,mb,,48,2.48,1.12,us,us70006xju,2020-01-10T15:24:19.040Z,"278km W of Saumlaki, Indonesia",earthquake,6.8,7.7,0.099,32,reviewed,us,us
2020-01-10T10:59:10.689Z,24.0805,124.4898,54.5,4.6,mb,,105,1.403,1.01,us,us70006xhp,2020-01-10T11:24:11.222Z,"44km SE of Ishigaki, Japan",earthquake,8.1,7.6,0.128,18,reviewed,us,us
2020-01-10T10:10:48.795Z,27.6486,140.016,483.36,4.5,mb,,67,2.005,0.78,us,us70006xh0,2020-01-10T10:49:58.040Z,"226km WNW of Chichi-shima, Japan",earthquake,11,8.5,0.035,244,reviewed,us,us
2020-01-10T08:05:28.304Z,17.933,-66.6755,9.85,4.6,mb,,70,0.127,0.46,us,us70006xgd,2020-01-12T04:30:02.601Z,"8km SSE of Tallaboa, Puerto Rico",earthquake,2.3,5,0.091,36,reviewed,us,us
2020-01-10T04:50:40.488Z,-28.0509,-66.741,146.45,4.6,mb,,43,2.443,0.88,us,us70006xem,2020-01-10T05:07:22.040Z,"52km SSE of Belen, Argentina",earthquake,7.9,8,0.114,23,reviewed,us,us
2020-01-10T01:05:37.389Z,-21.558,-175.1847,10,5.3,mww,,87,5.517,1.35,us,us70006xbg,2020-01-11T23:32:32.403Z,"34km SW of `Ohonua, Tonga",earthquake,10.8,1.8,0.08,15,reviewed,us,us
2020-01-10T00:39:29.814Z,-21.5187,-173.8609,10,4.9,mb,,77,7.823,0.84,us,us70006xbq,2020-01-10T02:50:29.040Z,"114km E of `Ohonua, Tonga",earthquake,11,1.9,0.07,64,reviewed,us,us
2020-01-10T00:13:11.830Z,2.3458,127.5796,78.47,5.2,mb,,74,1.577,0.7,us,us70006xb3,2020-01-10T03:05:07.040Z,"83km NW of Tobelo, Indonesia",earthquake,7.6,5.8,0.039,212,reviewed,us,us
2020-01-09T18:52:34.692Z,-4.7057,143.7148,92.52,5.1,mww,,33,4.503,0.94,us,us70006x67,2020-01-09T19:09:15.040Z,"81km SSW of Angoram, Papua New Guinea",earthquake,8.2,6.9,0.08,15,reviewed,us,us
2020-01-09T17:15:03.997Z,-56.0643,-26.7223,35,5.4,mb,,81,5.873,0.72,us,us70006x0w,2020-01-10T17:16:45.146Z,"76km NNE of Visokoi Island, South Georgia and the South Sandwich Islands",earthquake,11.7,2,0.069,71,reviewed,us,us
2020-01-09T17:03:41.406Z,-20.4429,-177.5681,498.87,4.5,mb,,92,4.934,0.91,us,us70006wyw,2020-01-09T17:20:41.040Z,"120km E of Ndoi Island, Fiji",earthquake,13.6,9.4,0.043,162,reviewed,us,us
2020-01-09T15:31:39.748Z,2.5366,128.8834,35,4.6,mb,,79,2.317,0.8,us,us70006wye,2020-01-10T16:11:18.040Z,"132km NE of Tobelo, Indonesia",earthquake,9,2,0.089,44,reviewed,us,us
2020-01-09T13:56:32.937Z,-21.6954,-68.5368,130.54,4.6,mb,,49,0.663,0.35,us,us70006wx8,2020-01-09T16:31:48.040Z,"94km NNE of Calama, Chile",earthquake,4.1,8.9,0.222,6,reviewed,us,us
2020-01-09T12:14:32.854Z,36.7771,-33.7928,10,4.9,mb,,120,23.27,0.92,us,us70006wws,2020-01-09T12:38:58.040Z,"Azores Islands region",earthquake,14.7,1.9,0.071,62,reviewed,us,us
2020-01-09T10:51:58.826Z,34.6126,45.4872,7.67,4.7,mb,,78,0.538,0.57,us,us70006wvp,2020-01-09T11:11:40.791Z,"38km WNW of Sarpol-e Zahab, Iran",earthquake,6.4,5.7,0.133,17,reviewed,us,us
2020-01-09T10:47:20.167Z,62.2185,170.9351,10,4.7,mb,,105,6.166,1.04,us,us70006wvi,2020-01-09T11:03:20.040Z,"Chukotskiy Avtonomnyy Okrug, Russia",earthquake,9.1,1.9,0.034,269,reviewed,us,us
2020-01-09T10:11:12.353Z,62.3363,171.093,10,5,mb,,173,6.073,1.18,us,us70006wv3,2020-01-09T10:28:33.040Z,"Chukotskiy Avtonomnyy Okrug, Russia",earthquake,10.6,1.9,0.029,381,reviewed,us,us
2020-01-09T09:56:48.069Z,62.281,170.9948,10,4.8,mb,,89,6.113,0.88,us,us70006wuz,2020-01-09T10:17:06.040Z,"Chukotskiy Avtonomnyy Okrug, Russia",earthquake,8.4,1.9,0.03,353,reviewed,us,us
2020-01-09T08:38:08.316Z,62.3408,171.0597,10,6.3,mww,,21,6.064,0.8,us,us70006wuf,2020-01-10T08:49:22.527Z,"Chukotskiy Avtonomnyy Okrug, Russia",earthquake,7.2,0.7,0.052,35,reviewed,us,us
2020-01-09T02:37:20.022Z,45.7913,151.9855,61.01,4.5,mb,,138,6.488,1,us,us70006wqm,2020-01-09T02:59:49.040Z,"Kuril Islands",earthquake,11.7,8.4,0.109,25,reviewed,us,us
2020-01-09T02:15:58.600Z,27.8298,142.8208,10,4.9,mb,,123,0.924,0.87,us,us70006wqg,2020-01-09T02:34:40.040Z,"102km NE of Chichi-shima, Japan",earthquake,8.7,1.9,0.046,151,reviewed,us,us
2020-01-09T01:57:12.956Z,2.4531,128.7534,45.17,4.9,mb,,124,2.17,0.76,us,us70006wq6,2020-01-09T02:15:18.040Z,"115km NE of Tobelo, Indonesia",earthquake,8.1,8.6,0.107,27,reviewed,us,us
2020-01-09T00:55:43.784Z,-29.4488,61.2503,10,5.2,mww,,32,9.63,0.9,us,us70006wpf,2020-01-09T01:14:19.040Z,"Southwest Indian Ridge",earthquake,9.4,1.8,0.08,15,reviewed,us,us
2020-01-08T23:34:44.320Z,-18.0771,-178.1448,620.3,4.6,mb,,121,3.635,0.72,us,us70006wn8,2020-01-08T23:51:33.040Z,"290km NNE of Ndoi Island, Fiji",earthquake,11.8,12.1,0.105,27,reviewed,us,us
2020-01-08T22:05:33.749Z,-7.7584,107.923,68.95,4.7,mb,,51,0.399,0.87,us,us70006wlt,2020-01-08T22:34:28.040Z,"5km SW of Ciheras, Indonesia",earthquake,7.3,4.9,0.097,32,reviewed,us,us
2020-01-08T21:50:25.842Z,-4.8891,153.5439,50.39,4.7,mb,,120,1.54,0.78,us,us70006wl8,2020-01-08T22:25:16.040Z,"73km SE of Taron, Papua New Guinea",earthquake,9.2,7.9,0.096,33,reviewed,us,us
2020-01-08T21:16:42.726Z,-26.3433,-177.4233,183.16,4.6,mb,,127,2.925,0.92,us,us70006wl6,2020-01-08T22:14:51.040Z,"South of the Fiji Islands",earthquake,7.9,8.7,0.12,21,reviewed,us,us
2020-01-08T21:13:35.418Z,-29.8061,-72.1755,12.54,4.5,mwr,,195,0.821,1.3,us,us70006wjx,2020-01-08T22:01:19.040Z,"82km WNW of Coquimbo, Chile",earthquake,4.8,5.2,0.037,70,reviewed,us,us
2020-01-08T20:04:18.060Z,17.915,-66.7035,6,4.7,ml,14,211,0.1606,0.16,pr,pr2020008055,2020-01-11T02:42:26.790Z,"12km SSE of Tallaboa, Puerto Rico",earthquake,0.93,0.96,0.5,8,reviewed,pr,pr
2020-01-08T17:41:34.131Z,-9.3964,119.2216,86.21,4.5,mb,,80,3.073,0.69,us,us70006wer,2020-01-08T20:54:12.040Z,"4km NW of Radamata, Indonesia",earthquake,7.8,7.9,0.11,24,reviewed,us,us
2020-01-08T15:25:07.415Z,37.4377,142.256,35,4.5,mb,,155,3.226,1.1,us,us70006wdf,2020-01-08T22:36:53.040Z,"111km E of Namie, Japan",earthquake,9.1,2,0.106,26,reviewed,us,us
2020-01-08T14:01:52.231Z,15.2157,-61.3094,143.99,5.1,mb,,44,0.398,0.56,us,us70006wc3,2020-01-08T19:06:50.040Z,"2km SSE of Berekua, Dominica",earthquake,7,5.5,0.025,538,reviewed,us,us
2020-01-08T13:43:35.684Z,5.6409,126.0575,101.72,4.5,mb,,111,1.497,0.78,us,us70006wbw,2020-01-09T06:28:04.040Z,"55km SE of Caburan, Philippines",earthquake,3,8,0.087,39,reviewed,us,us
2020-01-08T12:07:46.758Z,86.2663,37.2061,10,4.8,mb,,44,7.92,0.89,us,us70006wan,2020-01-08T12:31:57.040Z,"North of Franz Josef Land",earthquake,5.3,1.9,0.042,175,reviewed,us,us
2020-01-08T09:47:06.662Z,-7.1871,129.3989,138.59,4.5,mb,,79,2.042,0.96,us,us70006w9z,2020-01-08T10:38:03.040Z,"227km WNW of Saumlaki, Indonesia",earthquake,6.7,8.4,0.108,25,reviewed,us,us
2020-01-08T08:47:44.323Z,-20.4379,-68.773,109.06,5.2,mww,,45,0.463,1.35,us,us70006w93,2020-01-09T16:36:33.342Z,"145km E of Iquique, Chile",earthquake,6.2,5.2,0.078,16,reviewed,us,us
2020-01-08T07:49:47.817Z,30.2496,138.6162,420.92,4.5,mb,,80,3.033,0.68,us,us70006w8s,2020-01-08T08:14:52.040Z,"Izu Islands, Japan region",earthquake,6.9,8.7,0.035,242,reviewed,us,us
2020-01-08T07:29:41.746Z,-54.9593,-128.3548,10,5.1,mb,,79,32.3,0.91,us,us70006wd1,2020-01-08T22:37:39.040Z,"Pacific-Antarctic Ridge",earthquake,12.1,1.8,0.157,13,reviewed,us,us
2020-01-08T04:11:46.349Z,5.1459,125.3487,43.62,4.9,mb,,96,1.924,0.85,us,us70006w6y,2020-01-08T04:45:36.040Z,"31km SSW of Sarangani, Philippines",earthquake,7,7.7,0.071,61,reviewed,us,us
2020-01-08T03:19:13.553Z,29.1141,51.2723,10,4.5,mb,,61,6.048,0.77,us,us70006w6m,2020-01-08T21:50:34.467Z,"17km SSE of Borazjan, Iran",earthquake,8.7,1.9,0.089,37,reviewed,us,us
2020-01-08T02:57:50.609Z,37.2364,141.9488,27.32,4.9,mb,,124,3.038,0.69,us,us70006w66,2020-01-08T03:12:13.040Z,"88km ESE of Namie, Japan",earthquake,7.7,3.5,0.075,56,reviewed,us,us
2020-01-08T02:27:39.431Z,-59.0417,-25.6657,35,4.9,mb,,81,15.603,0.72,us,us70006w5y,2020-01-08T02:46:21.040Z,"48km E of Bristol Island, South Sandwich Islands",earthquake,12.1,2,0.091,38,reviewed,us,us
2020-01-08T02:20:02.336Z,29.195,51.2874,10,4.9,mb,,52,6.092,0.69,us,us70006w5q,2020-01-08T04:00:30.722Z,"10km SE of Borazjan, Iran",earthquake,7.5,1.9,0.064,77,reviewed,us,us
2020-01-08T01:58:21.928Z,-3.0057,138.1772,10,4.6,mb,,100,5.921,0.87,us,us70006w5h,2020-01-08T02:24:26.040Z,"226km ENE of Enarotali, Indonesia",earthquake,8.5,1.7,0.116,22,reviewed,us,us
2020-01-08T00:31:04.887Z,31.3426,131.7896,35,4.5,mb,,130,1.154,0.66,us,us70006w4k,2020-01-08T02:42:05.040Z,"49km SE of Nichinan, Japan",earthquake,4.8,1.8,0.109,25,reviewed,us,us
2020-01-07T22:48:00.483Z,-1.7159,99.305,10,4.6,mb,,173,3.462,1.04,us,us70006w38,2020-01-07T23:37:14.040Z,"16km SE of Muara Siberut, Indonesia",earthquake,9.9,1.9,0.107,26,reviewed,us,us
2020-01-07T19:11:35.612Z,-5.172,151.2363,117,6,mww,,22,1.343,0.88,us,us70006vvr,2020-01-10T22:06:22.790Z,"128km ENE of Kimbe, Papua New Guinea",earthquake,6.7,1.9,0.052,36,reviewed,us,us
2020-01-07T19:08:58.528Z,12.2448,-86.432,203.31,5.2,mww,,26,0.2,1.12,us,us70006vve,2020-01-10T20:11:25.191Z,"13km NW of Ciudad Sandino, Nicaragua",earthquake,6.2,3.5,0.047,43,reviewed,us,us
2020-01-07T17:21:19.810Z,-24.2077,-67.3652,194.8,4.5,mwr,,68,1.455,1.24,us,us70006vtv,2020-01-09T21:28:02.040Z,"106km W of San Antonio de los Cobres, Argentina",earthquake,8,9.2,,,reviewed,us,guc
2020-01-07T17:09:41.395Z,28.2098,104.9608,27.88,4.6,mb,,32,4.464,0.66,us,us70006vts,2020-01-09T21:20:31.040Z,"28km WSW of Zhongcheng, China",earthquake,3.2,5.5,0.058,89,reviewed,us,us
2020-01-07T16:27:07.510Z,17.9645,-66.8256,8,4.6,ml,11,203,0.2187,0.25,pr,pr2020007023,2020-01-08T18:38:28.040Z,"7km SW of Tallaboa, Puerto Rico",earthquake,0.99,1.68,0.13,6,reviewed,pr,pr
2020-01-07T14:04:45.306Z,17.8775,-66.7962,10.73,4.6,mb,,84,0.244,0.68,us,us70006vr1,2020-01-11T13:17:39.402Z,"13km S of Indios, Puerto Rico",earthquake,7.5,5.4,0.068,65,reviewed,us,us
2020-01-07T13:00:22.050Z,18.0136,-66.7501,9,4.5,ml,9,184,0.1468,0.14,pr,pr2020007012,2020-01-08T19:52:32.040Z,"4km E of Tallaboa, Puerto Rico",earthquake,0.56,3.4,0.12,4,reviewed,pr,pr
2020-01-07T12:54:42.450Z,17.9315,-66.927,8,4.7,ml,8,219,0.1232,0.15,pr,pr2020007054,2020-01-07T20:57:17.635Z,"2km NNW of Fuig, Puerto Rico",earthquake,0.75,1.53,0,0,reviewed,pr,pr
2020-01-07T11:18:43.540Z,18.0223,-66.776,9,5.6,mwp,10,177,0.171,0.08,pr,pr2020007010,2020-01-12T11:00:19.612Z,"1km SW of Tallaboa, Puerto Rico",earthquake,0.84,1.26,0,0,reviewed,pr,pr
2020-01-07T11:14:50.182Z,17.909,-66.7441,10,4.5,mb,,77,0.186,0.64,us,us70006vp7,2020-01-08T16:15:20.040Z,"9km SSW of Tallaboa, Puerto Rico",earthquake,2.8,1.9,0.109,25,reviewed,us,us
2020-01-07T10:08:36.401Z,37.2658,71.8264,144.33,4.5,mb,,117,0.295,0.65,us,us70006vni,2020-01-07T10:58:25.040Z,"0km N of Roshtqal'a, Tajikistan",earthquake,6.8,6.2,0.09,36,reviewed,us,us
2020-01-07T08:50:45.888Z,17.9534,-66.6768,10,5,mww,,48,0.111,1.1,us,us70006vmj,2020-01-12T04:23:24.930Z,"6km SE of Tallaboa, Puerto Rico",earthquake,3.5,1.8,0.089,12,reviewed,us,us
2020-01-07T08:34:02.229Z,17.9223,-66.7308,10,5.6,mww,,66,0.168,1.09,us,us70006vm9,2020-01-10T12:26:46.218Z,"8km S of Tallaboa, Puerto Rico",earthquake,1.8,1.7,0.071,19,reviewed,us,us
2020-01-07T08:27:11.199Z,1.7993,127.3411,107.07,4.8,mb,,112,1.021,0.98,us,us70006vlm,2020-01-07T12:04:04.040Z,"74km W of Tobelo, Indonesia",earthquake,10.2,8.7,0.105,28,reviewed,us,us
2020-01-07T08:24:26.567Z,17.9161,-66.8125,10,6.4,mww,,70,0.233,0.87,us,us70006vll,2020-01-13T01:14:21.907Z,"8km S of Indios, Puerto Rico",earthquake,3.3,1.8,0.038,66,reviewed,us,us
2020-01-07T06:05:20.269Z,2.3334,96.347,20.34,6.2,mww,,55,1.598,1.07,us,us70006vkq,2020-01-10T07:27:47.084Z,"16km SSW of Sinabang, Indonesia",earthquake,3.7,4.5,0.078,16,reviewed,us,us
2020-01-07T04:31:52.848Z,80.0426,0.1572,10,5.2,mww,,52,2.438,0.84,us,us70006vjt,2020-01-07T04:51:14.040Z,"North of Svalbard",earthquake,9.2,1.9,0.071,19,reviewed,us,us
2020-01-07T01:38:18.604Z,-5.4491,147.0159,200.13,5.3,mww,,25,3.401,0.7,us,us70006vii,2020-01-07T03:30:45.843Z,"137km E of Madang, Papua New Guinea",earthquake,7.7,4.7,0.08,15,reviewed,us,us
2020-01-06T22:55:52.300Z,37.5048,20.6789,10,4.7,mb,,137,1.045,1.03,us,us70006vgg,2020-01-06T23:30:09.040Z,"27km SSW of Lithakia, Greece",earthquake,5.8,1.8,0.091,37,reviewed,us,us
2020-01-06T22:31:53.256Z,-11.371,118.4393,10,5.2,mww,,38,4.624,0.92,us,us70006vg3,2020-01-06T22:50:14.040Z,"199km SSW of Kahale, Indonesia",earthquake,6.5,1.8,0.071,19,reviewed,us,us
2020-01-06T14:51:17.270Z,17.9075,-66.799,6,4.9,ml,11,232,0.1049,0.16,pr,pr2020006017,2020-01-08T20:49:04.040Z,"8km SSW of Tallaboa, Puerto Rico",earthquake,1.1,0.69,0.31,8,reviewed,pr,pr
2020-01-06T12:17:21.346Z,27.8369,128.1645,10,4.6,mb,,81,1.001,1.29,us,us70006v86,2020-01-07T07:10:38.607Z,"139km N of Nago, Japan",earthquake,2.1,1.9,0.125,19,reviewed,us,us
2020-01-06T10:32:18.770Z,17.8675,-66.8193,6,5.8,mwp,19,227,0.1231,0.29,pr,pr2020006006,2020-01-11T19:32:49.058Z,"13km SSE of Indios, Puerto Rico",earthquake,1.7,1.14,0,0,reviewed,pr,pr
2020-01-06T07:25:37.037Z,5.1324,125.4437,55.87,5.2,mb,,82,1.929,1.11,us,us70006v6h,2020-01-08T00:38:23.611Z,"30km S of Sarangani, Philippines",earthquake,7.4,7.1,0.048,140,reviewed,us,us
2020-01-06T06:53:55.255Z,23.406,120.2056,10,4.5,mb,,97,0.403,0.66,us,us70006v6g,2020-01-10T07:17:42.040Z,"14km WSW of Taibao, Taiwan",earthquake,4,1.9,0.094,33,reviewed,us,us
2020-01-06T06:24:28.836Z,40.388,53.0944,41.06,4.9,mb,,83,6.393,1.34,us,us70006v5v,2020-01-06T09:20:05.688Z,"42km NNE of Turkmenbasy, Turkmenistan",earthquake,8,6.6,0.052,114,reviewed,us,us
2020-01-06T02:58:29.425Z,6.1448,126.1958,86.93,4.6,mb,,91,1.104,0.86,us,us70006v4z,2020-01-06T03:15:51.040Z,"24km S of Pondaguitan, Philippines",earthquake,9.3,6.9,0.078,50,reviewed,us,us
2020-01-06T01:29:20.894Z,0.24,-16.9938,10,5.6,mww,,38,19.556,1.09,us,us70006v42,2020-01-08T23:08:00.040Z,"North of Ascension Island",earthquake,10.6,1.9,0.071,19,reviewed,us,us
2020-01-06T00:53:32.181Z,29.1327,130.5849,10,5.2,mb,,61,2.371,0.57,us,us70006v3s,2020-01-06T06:11:59.040Z,"137km NE of Naze, Japan",earthquake,6.2,1.8,0.028,411,reviewed,us,us
2020-01-06T00:20:48.549Z,29.1576,130.5058,10,5.1,mww,,36,2.344,0.63,us,us70006v3k,2020-01-06T00:48:57.040Z,"132km NE of Naze, Japan",earthquake,3.4,1.8,0.08,15,reviewed,us,us
2020-01-05T23:12:24.603Z,-7.9757,107.4614,40.36,4.9,mww,,41,3.033,0.99,us,us70006v30,2020-01-05T23:51:29.040Z,"45km SW of Bunisari, Indonesia",earthquake,7.5,5.7,0.08,15,reviewed,us,us
2020-01-05T18:58:52.610Z,6.1249,126.2298,80.98,5.1,mww,,81,1.139,1.21,us,us70006v1l,2020-01-10T11:59:34.747Z,"26km SSE of Pondaguitan, Philippines",earthquake,8.3,5.9,0.08,15,reviewed,us,us
2020-01-05T17:46:14.482Z,-3.5422,131.3728,38.98,4.5,mb,,85,1.071,0.82,us,us70006v18,2020-01-05T19:01:53.040Z,"273km E of Amahai, Indonesia",earthquake,8.4,2.5,0.092,35,reviewed,us,us
2020-01-05T17:01:04.539Z,2.4583,-100.2422,10,4.9,mb,,191,16.137,1.13,us,us70006v0x,2020-01-05T17:38:10.040Z,"Galapagos Triple Junction region",earthquake,12.8,1.9,0.038,221,reviewed,us,us
2020-01-05T15:05:10.217Z,-18.1364,-177.9819,576.56,4.7,mb,,41,3.794,0.94,us,us70006v0c,2020-01-05T17:36:12.040Z,"288km NNE of Ndoi Island, Fiji",earthquake,12.1,8.6,0.045,153,reviewed,us,us
2020-01-05T13:14:02.190Z,29.9784,85.3916,10,4.5,mb,,153,4.99,0.54,us,us70006uzj,2020-01-05T17:02:49.040Z,"74km NNE of Saga, China",earthquake,8.9,1.9,0.11,24,reviewed,us,us
2020-01-05T12:25:49.942Z,31.3154,133.135,10,5.1,mb,,94,2.301,0.87,us,us70006uz5,2020-01-06T22:05:34.040Z,"171km E of Nichinan, Japan",earthquake,6.8,1.8,0.034,274,reviewed,us,us
2020-01-05T09:59:38.926Z,39.3968,72.6875,10,4.5,mb,,77,1.884,1.17,us,us70006uyr,2020-01-05T10:35:17.040Z,"60km SW of Sary-Tash, Kyrgyzstan",earthquake,3.6,1.9,0.124,19,reviewed,us,us
2020-01-05T08:08:17.656Z,48.1182,155.0413,37.88,4.8,mb,,167,5.274,0.61,us,us70006uy7,2020-01-05T08:33:56.040Z,"295km SSW of Severo-Kuril'sk, Russia",earthquake,8.4,7.4,0.05,125,reviewed,us,us
2020-01-05T07:45:47.758Z,-6.4076,129.1891,206.53,5,mb,,36,2.613,0.79,us,us70006uxt,2020-01-05T08:00:44.040Z,"290km NW of Saumlaki, Indonesia",earthquake,7.2,7,0.089,44,reviewed,us,us
2020-01-05T06:31:09.255Z,-21.2939,171.3283,44.1,4.6,mb,,113,3.079,0.53,us,us70006ux7,2020-01-05T07:01:04.040Z,"143km NNW of Ile Hunter, New Caledonia",earthquake,9.9,9.1,0.112,24,reviewed,us,us
2020-01-05T04:59:57.015Z,51.1768,-179.4184,50.76,4.9,mb,,129,0.829,0.89,us,us70006uww,2020-01-11T18:05:52.952Z,"23km WSW of Amatignak Island, Alaska",earthquake,8.5,7.2,0.031,320,reviewed,us,us
2020-01-05T04:40:50.731Z,16.4222,-94.3471,97.24,5.8,mww,,84,2.949,1.09,us,us70006uwq,2020-01-08T23:29:17.040Z,"6km S of Santo Domingo Zanatepec, Mexico",earthquake,7.7,6.4,0.078,16,reviewed,us,us
2020-01-05T04:32:53.206Z,64.7012,-17.7515,8.19,5,mb,,102,1.535,1.21,us,us70006uwl,2020-01-05T04:49:34.040Z,"110km S of Akureyri, Iceland",earthquake,8.5,4.8,0.044,167,reviewed,us,us
2020-01-05T02:10:21.550Z,22.7435,143.139,107.15,5.1,mww,,45,4.419,0.96,us,us70006uvz,2020-01-06T02:14:08.806Z,"291km SE of Iwo Jima, Japan",earthquake,7.4,6,0.078,16,reviewed,us,us
2020-01-05T01:27:45.751Z,-20.513,-177.6658,519.66,4.6,mb,,113,4.895,0.71,us,us70006uvm,2020-01-05T01:46:35.040Z,"108km E of Ndoi Island, Fiji",earthquake,8.2,10.4,0.069,62,reviewed,us,us
2020-01-04T22:55:47.363Z,-8.6349,112.5608,81.15,4.7,mb,,41,1.582,0.96,us,us70006utn,2020-01-05T02:45:31.610Z,"30km SSW of Krajan Tambakrejo, Indonesia",earthquake,7.8,7.2,0.079,48,reviewed,us,us
2020-01-04T22:36:58.152Z,-28.6276,-176.9263,10,4.9,mb,,115,1.072,0.79,us,us70006utc,2020-01-04T22:55:43.040Z,"118km NE of Raoul Island, New Zealand",earthquake,7.7,1.9,0.112,25,reviewed,us,us
2020-01-04T20:00:56.548Z,-0.9727,23.7422,10,4.5,mb,,67,7.005,0.95,us,us70006urc,2020-01-04T20:19:36.040Z,"211km SSW of Yangambi, Democratic Republic of the Congo",earthquake,7.2,1.9,0.097,32,reviewed,us,us
2020-01-04T13:52:56.583Z,6.793,-73.0052,162.32,4.7,mb,,96,2.336,0.77,us,us70006upb,2020-01-04T16:43:31.040Z,"11km N of Aratoca, Colombia",earthquake,10.2,9.5,0.03,332,reviewed,us,us
2020-01-04T09:48:37.542Z,-1.2186,-12.8335,10,4.8,mb,,74,11.171,0.7,us,us70006un5,2020-01-04T11:45:51.040Z,"North of Ascension Island",earthquake,5.2,1.9,0.09,38,reviewed,us,us
2020-01-04T08:24:38.178Z,25.5036,63.1313,10,4.9,mb,,97,6.298,0.62,us,us70006ulm,2020-01-04T11:04:27.956Z,"43km NW of Pasni, Pakistan",earthquake,10.1,1.9,0.08,49,reviewed,us,us
2020-01-04T07:18:18.376Z,-36.8454,176.9524,320.26,5.1,mww,,72,1.296,1.15,us,us70006uli,2020-01-06T22:29:24.040Z,"100km E of Tairua, New Zealand",earthquake,7.1,5.6,0.08,15,reviewed,us,us
2020-01-04T05:38:48.895Z,-23.1647,-177.9115,277.06,4.5,mb,,117,6.055,0.91,us,us70006ukh,2020-01-04T06:05:34.040Z,"290km SSE of Ndoi Island, Fiji",earthquake,13.5,9.9,0.108,25,reviewed,us,us
2020-01-04T04:45:07.713Z,19.1761,145.8269,131.23,4.6,mb,,81,14.89,1.17,us,us70006ukc,2020-01-04T05:05:07.040Z,"48km NNE of Agrihan, Northern Mariana Islands",earthquake,10.4,7.4,0.07,60,reviewed,us,us
2020-01-03T23:36:10.314Z,4.601,125.9609,104.05,4.5,mb,,105,2.481,0.8,us,us70006uhx,2020-01-03T23:57:33.040Z,"104km SSE of Sarangani, Philippines",earthquake,5.8,7.1,0.082,44,reviewed,us,us
2020-01-03T15:28:54.373Z,11.7289,-86.2978,109.08,5.5,mww,,148,0.42,1.04,us,us70006u7m,2020-01-05T12:16:42.176Z,"9km W of Santa Teresa, Nicaragua",earthquake,7,5.9,0.065,23,reviewed,us,us
2020-01-03T14:16:42.327Z,-3.3471,-80.0871,61.34,4.9,mb,,155,1.205,1.37,us,us70006u7d,2020-01-03T15:45:25.263Z,"14km SW of Puerto Bolivar, Ecuador",earthquake,12.6,10.3,0.039,204,reviewed,us,us
2020-01-03T03:41:15.230Z,17.9006,-66.8261,2,4.7,ml,19,214,0.2287,0.19,pr,pr2020003002,2020-01-08T21:52:51.040Z,"13km S of Indios, Puerto Rico",earthquake,0.91,0.72,0,0,reviewed,pr,pr
2020-01-03T01:19:10.530Z,40.2477,139.3298,193.71,4.9,mb,,121,2.357,0.58,us,us70006u1x,2020-01-03T01:59:22.481Z,"59km W of Noshiro, Japan",earthquake,4.5,7.4,0.043,170,reviewed,us,us
2020-01-02T20:42:02.330Z,17.9148,-66.8333,7,4.5,ml,20,210,0.0758,0.21,pr,pr2020002036,2020-01-08T21:56:06.040Z,"13km S of Indios, Puerto Rico",earthquake,1.04,0.7,0.16,12,reviewed,pr,pr
2020-01-02T18:23:51.096Z,35.8033,141.1341,17.05,5.6,mww,,65,0.875,1.37,us,us70006ttf,2020-01-08T23:17:00.040Z,"28km ENE of Hasaki, Japan",earthquake,5.7,3.2,0.069,20,reviewed,us,us
2020-01-02T16:00:32.086Z,-12.8008,45.554,10,5,mww,,49,6.388,0.54,us,us70006tlq,2020-01-09T15:30:08.040Z,"29km E of Pamandzi, Mayotte",earthquake,10.2,1.8,0.086,13,reviewed,us,us
2020-01-02T15:41:11.740Z,-1.1029,147.224,10,4.6,mb,,104,0.944,0.73,us,us70006tl7,2020-01-05T01:27:23.829Z,"101km N of Lorengau, Papua New Guinea",earthquake,6.8,1.9,0.099,33,reviewed,us,us
2020-01-02T14:03:19.564Z,2.7332,128.6576,41.59,4.8,mb,,120,2.336,0.57,us,us70006tk2,2020-01-02T14:23:32.040Z,"132km NNE of Tobelo, Indonesia",earthquake,11.6,9.5,0.089,39,reviewed,us,us
2020-01-02T13:41:31.348Z,-9.6555,159.919,31.5,5.5,mb,,107,9.147,0.59,us,us70006tjm,2020-01-05T08:27:31.837Z,"24km S of Honiara, Solomon Islands",earthquake,10.4,5.6,0.079,55,reviewed,us,us
2020-01-02T12:04:00.179Z,51.1613,-179.35,35,4.8,mb,,188,1.537,0.82,us,us70006ti8,2020-01-10T18:17:33.932Z,"20km WSW of Amatignak Island, Alaska",earthquake,9.5,2,0.031,326,reviewed,us,us
2020-01-02T11:25:04.436Z,-5.7297,124.9909,10,5.5,mww,,43,3.974,0.99,us,us70006thw,2020-01-03T18:16:01.040Z,"266km E of Baubau, Indonesia",earthquake,5.6,1.5,0.071,19,reviewed,us,us
2020-01-02T10:37:07.702Z,-7.7646,122.8585,268.71,4.6,mb,,96,1.061,0.63,us,us70006thf,2020-01-02T12:10:04.040Z,"79km NNE of Palue, Indonesia",earthquake,8.5,7.6,0.132,17,reviewed,us,us
2020-01-02T08:54:32.599Z,55.5519,-151.386,7.92,4.8,mwr,,151,1.866,0.9,us,us70006tgh,2020-01-10T17:17:57.652Z,"256km SSE of Kodiak, Alaska",earthquake,6.7,4.7,0.054,33,reviewed,us,us
2020-01-02T05:37:35.319Z,-6.3719,130.1236,139.81,4.6,mb,,90,1.98,0.94,us,us70006tf3,2020-01-02T05:57:12.040Z,"218km NW of Saumlaki, Indonesia",earthquake,7.7,5.5,0.109,25,reviewed,us,us
2020-01-02T05:29:00.802Z,9.4695,138.0916,52.92,5.1,mww,,87,9.456,0.89,us,us70006tf2,2020-01-03T10:20:54.136Z,"6km SW of Yap, Micronesia",earthquake,10.2,2.4,0.08,15,reviewed,us,us
2020-01-02T04:29:06.637Z,34.1474,60.2996,10,5.5,mww,,45,1.627,0.73,us,us70006tev,2020-01-08T23:32:41.040Z,"78km SSW of Taybad, Iran",earthquake,6.8,1.8,0.089,12,reviewed,us,us
2020-01-02T03:35:22.971Z,12.5692,-88.1976,59.99,4.6,mb,,133,1.155,1.27,us,us70006tej,2020-01-03T15:46:38.123Z,"71km SSW of Intipuca, El Salvador",earthquake,7.2,7.7,0.037,223,reviewed,us,us
2020-01-02T00:32:53.905Z,-33.4373,-178.2268,10,4.5,mb,,170,4.187,0.65,us,us70006tdj,2020-01-02T02:21:54.040Z,"231km SSE of L'Esperance Rock, New Zealand",earthquake,10.4,2,0.156,12,reviewed,us,us
2020-01-01T23:12:53.590Z,-18.7816,-172.2119,10,5,mb,,79,2.182,1.02,us,us70006tcn,2020-01-02T00:08:26.040Z,"187km E of Neiafu, Tonga",earthquake,7.2,1.8,0.098,33,reviewed,us,us
2020-01-01T21:32:49.675Z,-33.2409,-177.6512,10,4.6,mb,,179,3.99,0.52,us,us70006tb2,2020-01-01T22:16:53.040Z,"232km SSE of L'Esperance Rock, New Zealand",earthquake,7.1,2,0.137,16,reviewed,us,us
2020-01-01T20:38:11.159Z,-33.308,-176.8487,10,4.8,mb,,146,4.154,0.46,us,us70006taw,2020-01-04T20:07:41.040Z,"283km SE of L'Esperance Rock, New Zealand",earthquake,9.5,1.9,0.109,29,reviewed,us,us
2020-01-01T20:37:54.600Z,-33.4556,-177.643,10,4.5,mb,,247,5.262,0.38,us,us70006ur8,2020-01-04T20:06:41.040Z,"253km SSE of L'Esperance Rock, New Zealand",earthquake,7.7,2,0.14,15,reviewed,us,us
2020-01-01T20:32:14.452Z,-18.6764,-172.1927,10,4.9,mb,,71,2.181,0.83,us,us70006t9g,2020-01-04T19:42:57.040Z,"188km E of Neiafu, Tonga",earthquake,12,1.9,0.077,55,reviewed,us,us
2020-01-01T20:01:26.760Z,-33.2082,-178.1706,10,5,mb,,80,3.956,0.96,us,us70006t8t,2020-01-04T18:56:57.040Z,"208km SSE of L'Esperance Rock, New Zealand",earthquake,8.8,1.9,0.093,40,reviewed,us,us
2020-01-01T19:28:51.961Z,-32.9699,-178.3172,18.17,5.4,mww,,64,3.728,1,us,us70006t8d,2020-01-04T17:22:52.358Z,"179km SSE of L'Esperance Rock, New Zealand",earthquake,8.4,3.3,0.054,33,reviewed,us,us
2020-01-01T18:47:18.923Z,44.1,150.0149,10,4.7,mb,,178,5.344,0.79,us,us70006t83,2020-01-04T16:46:47.040Z,"210km SE of Kuril'sk, Russia",earthquake,11,1.9,0.042,175,reviewed,us,us
2020-01-01T18:10:11.606Z,53.2599,170.2937,10,5.2,mb,,78,2.36,0.62,us,us70006t7e,2020-01-04T16:18:01.040Z,"199km WNW of Attu Station, Alaska",earthquake,7.4,1.8,0.023,620,reviewed,us,us
2020-01-01T16:51:32.230Z,-30.2741,-71.564,45.04,5,mwr,,102,0.403,0.87,us,us70006t6h,2020-01-01T23:39:11.339Z,"41km SSW of Coquimbo, Chile",earthquake,5.4,4.1,0.038,67,reviewed,us,us
2020-01-01T16:34:58.536Z,-53.0705,9.4576,10,5.1,mb,,147,19.439,0.74,us,us70006t6a,2020-01-01T17:31:34.040Z,"Southwest of Africa",earthquake,15.2,1.9,0.086,44,reviewed,us,us
2020-01-01T15:05:57.229Z,51.2034,-178.1293,38.96,5.2,mb,,61,0.554,0.97,us,us70006t5u,2020-01-11T01:21:14.260Z,"68km E of Amatignak Island, Alaska",earthquake,4.5,5.2,0.023,649,reviewed,us,us
2020-01-01T14:36:23.695Z,2.138,126.8047,38.31,4.5,mb,,70,1.468,0.8,us,us70006t5p,2020-01-01T18:14:02.040Z,"141km WNW of Tobelo, Indonesia",earthquake,8.5,8.9,0.113,26,reviewed,us,us
2020-01-01T13:18:48.237Z,-13.0508,45.5396,10,4.6,mb,,96,6.151,1.12,us,us70006t54,2020-01-01T17:50:01.040Z,"39km SE of Pamandzi, Mayotte",earthquake,11.8,1.9,0.097,34,reviewed,us,us
2020-01-01T08:31:23.723Z,-17.3521,-172.388,10,5.4,mb,,63,2.9,0.49,us,us70006t3c,2020-01-02T08:32:58.060Z,"212km SE of Hihifo, Tonga",earthquake,9.7,1.9,0.079,54,reviewed,us,us
2020-01-01T03:53:29.595Z,52.6658,159.1307,64.3,5.1,mb,,109,0.461,0.72,us,us70006t2a,2020-01-01T07:22:47.506Z,"53km SE of Petropavlovsk-Kamchatskiy, Russia",earthquake,8.1,6.5,0.029,375,reviewed,us,us
2020-01-01T03:20:28.684Z,51.6752,-176.7331,57.56,4.8,mwr,,128,0.209,0.89,us,us70006t22,2020-01-11T01:21:05.656Z,"23km SSW of Adak, Alaska",earthquake,8,5.4,0.089,12,reviewed,us,us
2020-01-01T00:28:22.402Z,-5.4233,152.5337,61.93,5,mb,,80,6.152,0.65,us,us70006t13,2020-01-01T00:50:00.040Z,"119km SSW of Taron, Papua New Guinea",earthquake,9.8,7.8,0.059,91,reviewed,us,us
2019-12-31T19:10:10.043Z,24.0896,121.6969,10.64,4.6,mwr,,63,0.125,1,us,us70006sxv,2020-01-06T06:59:04.956Z,"15km NE of Hualian, Taiwan",earthquake,3.1,3.5,0.063,24,reviewed,us,us
2019-12-31T19:02:55.574Z,44.0812,150.2156,10,4.8,mb,,88,5.49,0.86,us,us70006sxu,2020-01-03T22:38:02.040Z,"224km SE of Kuril'sk, Russia",earthquake,8.3,1.9,0.033,279,reviewed,us,us
2019-12-31T18:40:52.699Z,30.5417,-42.0301,10,4.8,mb,,91,24.927,0.83,us,us70006sxq,2020-01-03T22:32:43.040Z,"Northern Mid-Atlantic Ridge",earthquake,11.8,1.9,0.058,93,reviewed,us,us
2019-12-31T17:41:11.818Z,43.9176,150.1689,10,4.6,mb,,119,5.467,0.51,us,us70006sxi,2020-01-03T22:42:13.040Z,"233km SE of Kuril'sk, Russia",earthquake,9.6,1.9,0.063,78,reviewed,us,us
2019-12-31T14:57:24.295Z,-14.9785,167.8074,6.79,4.6,mb,,112,0.746,0.76,us,us70006svy,2019-12-31T15:26:09.040Z,"81km E of Port-Olry, Vanuatu",earthquake,7.6,5.6,0.093,35,reviewed,us,us
2019-12-31T11:22:53.820Z,-33.6889,-178.4968,38.16,5,mb,,121,4.659,0.49,us,us70006suy,2019-12-31T11:42:37.040Z,"253km S of L'Esperance Rock, New Zealand",earthquake,11.2,6.4,0.12,22,reviewed,us,us
2019-12-31T02:34:13.422Z,-23.294,-179.8039,537.4,4.6,mb,,117,10.123,0.74,us,us70006ssq,2019-12-31T03:00:00.040Z,"South of the Fiji Islands",earthquake,12.5,9.5,0.055,99,reviewed,us,us
2019-12-31T02:03:00.304Z,-33.3601,-178.4265,10,5,mb,,166,4.124,0.68,us,us70006ssh,2019-12-31T02:22:32.848Z,"218km SSE of L'Esperance Rock, New Zealand",earthquake,8,1.9,0.126,20,reviewed,us,us
2019-12-31T00:21:08.726Z,55.2439,161.1917,106.72,4.5,mb,,98,2.68,0.67,us,us70006srq,2020-01-11T04:44:55.040Z,"136km SW of Ust'-Kamchatsk Staryy, Russia",earthquake,8.8,6.7,0.034,249,reviewed,us,us
2019-12-30T19:20:16.881Z,35.5742,74.5691,10,4.5,mb,,75,2.198,0.82,us,us70006sly,2019-12-31T14:54:02.102Z,"36km NW of Idgah, Pakistan",earthquake,7.1,1.9,0.085,41,reviewed,us,us
2019-12-30T18:58:20.268Z,7.2992,-78.6598,10,4.6,mb,,105,4.256,0.5,us,us70006sll,2019-12-30T20:09:11.040Z,"59km WSW of Jaque, Panama",earthquake,9.8,2,0.069,63,reviewed,us,us
2019-12-30T18:43:36.538Z,28.8748,142.4579,10,4.9,mb,,124,1.788,0.55,us,us70006sla,2019-12-30T19:53:15.040Z,"199km N of Chichi-shima, Japan",earthquake,5.2,1.9,0.047,142,reviewed,us,us
2019-12-30T18:01:41.845Z,42.1919,23.5482,10,4.5,mb,,62,1.819,0.49,us,us70006sk5,2020-01-07T11:14:42.996Z,"15km S of Samokov, Bulgaria",earthquake,5.6,1.9,0.192,8,reviewed,us,us
2019-12-30T17:49:58.333Z,35.6352,74.6337,16.3,5.1,mww,,43,2.277,0.71,us,us70006sjv,2019-12-30T22:24:40.040Z,"38km NNW of Idgah, Pakistan",earthquake,6.7,3.9,0.078,16,reviewed,us,us
2019-12-30T17:18:57.357Z,35.5846,74.611,13.28,5.4,mww,,41,2.224,0.68,us,us70006sj8,2019-12-31T17:21:11.716Z,"34km NW of Idgah, Pakistan",earthquake,6.6,3.9,0.089,12,reviewed,us,us
2019-12-30T17:12:33.937Z,35.7275,74.4364,10,4.6,mb,,81,2.284,0.65,us,us70006sif,2019-12-30T19:16:52.734Z,"24km SSE of Gilgit, Pakistan",earthquake,7.4,1.9,0.085,41,reviewed,us,us
2019-12-30T16:59:03.575Z,6.6411,94.3691,97.59,4.9,mww,,89,2.923,0.98,us,us70006si5,2019-12-30T17:55:34.040Z,"133km NW of Sabang, Indonesia",earthquake,8.4,6.6,0.078,16,reviewed,us,us
2019-12-30T13:49:45.224Z,27.4014,56.5176,10,5,mww,,70,2.462,0.55,us,us70006sg8,2020-01-05T12:12:30.899Z,"33km NE of Bandar 'Abbas, Iran",earthquake,5.6,1.9,0.08,15,reviewed,us,us
2019-12-30T06:16:52.228Z,-8.3909,-76.1617,127.11,4.6,mb,,135,3.636,0.66,us,us70006scn,2019-12-30T06:41:24.040Z,"34km ENE of Uchiza, Peru",earthquake,11,6.2,0.048,128,reviewed,us,us
2019-12-30T04:11:09.244Z,27.871,142.8735,10.88,5.2,mww,,64,0.985,0.81,us,us70006sbu,2020-01-02T18:45:04.434Z,"108km NE of Chichi-shima, Japan",earthquake,7.2,4.3,0.08,15,reviewed,us,us
2019-12-30T04:01:33.204Z,19.7415,-105.2979,35,4.7,mb,,177,4.654,1.4,us,us70006sbp,2020-01-05T04:59:29.807Z,"21km SSW of Tomatlan, Mexico",earthquake,10,2,0.027,423,reviewed,us,us
2019-12-30T00:32:52.716Z,27.8144,142.804,13.9,4.9,mb,,70,0.903,0.53,us,us70006sb2,2020-01-11T04:35:46.040Z,"99km NE of Chichi-shima, Japan",earthquake,7.6,1.3,0.061,85,reviewed,us,us
2019-12-29T18:24:41.589Z,-52.8544,11.3526,10,5.3,mww,,89,19.897,1.07,us,us70006s89,2019-12-30T18:59:40.040Z,"Southwest of Africa",earthquake,13.1,1.8,0.073,18,reviewed,us,us
2019-12-29T16:24:45.775Z,-6.3622,154.9449,35,4.9,mb,,100,8.282,0.82,us,us70006s7s,2019-12-29T16:48:53.040Z,"59km W of Panguna, Papua New Guinea",earthquake,10.2,2,0.078,51,reviewed,us,us
2019-12-29T13:59:02.340Z,-5.5339,151.7363,35,5.1,mb,,91,5.57,0.78,us,us70006s6z,2019-12-29T15:45:00.040Z,"143km SSW of Kokopo, Papua New Guinea",earthquake,9.6,2,0.047,148,reviewed,us,us
2019-12-29T13:18:06.464Z,4.4091,125.1504,65.42,4.7,mb,,88,2.677,1.16,us,us70006s6j,2019-12-29T14:11:18.040Z,"115km SSW of Sarangani, Philippines",earthquake,8.4,8.2,0.09,38,reviewed,us,us
2019-12-29T12:03:55.928Z,4.6257,125.3181,49.65,4.8,mb,,94,2.441,0.64,us,us70006s64,2019-12-29T12:52:40.040Z,"87km S of Sarangani, Philippines",earthquake,5.6,7.7,0.069,65,reviewed,us,us
2019-12-29T11:25:23.524Z,55.1467,160.6628,118.92,4.5,mb,,79,2.435,0.47,us,us70006s5t,2019-12-29T13:13:21.040Z,"151km SE of Esso, Russia",earthquake,10.4,7.6,0.042,169,reviewed,us,us
2019-12-29T09:12:14.074Z,4.6441,125.3147,10,5.2,mww,,37,2.424,1.08,us,us70006s54,2019-12-29T09:29:50.040Z,"85km S of Sarangani, Philippines",earthquake,6.7,1.8,0.078,16,reviewed,us,us
2019-12-29T06:34:25.467Z,3.1424,123.8263,414.47,4.5,mb,,89,3.65,0.91,us,us70006s4e,2019-12-29T07:06:02.040Z,"215km NNW of Manado, Indonesia",earthquake,7.7,9.8,0.096,32,reviewed,us,us
2019-12-29T01:44:25.526Z,29.3174,143.0572,10,4.9,mb,,138,2.343,0.83,us,us70006s2x,2019-12-29T02:17:47.040Z,"260km NNE of Chichi-shima, Japan",earthquake,11,1.9,0.108,27,reviewed,us,us
2019-12-29T01:21:14.590Z,17.9308,-66.8363,3,4.7,ml,17,205,0.0617,0.18,pr,pr2019363003,2020-01-06T11:03:10.914Z,"11km S of Indios, Puerto Rico",earthquake,0.86,0.53,0.29,13,reviewed,pr,pr
2019-12-29T01:13:25.160Z,-0.4979,-91.253,10,4.5,mb,,99,0.982,0.83,us,us70006s2g,2019-12-29T02:38:39.040Z,"59km NNW of Puerto Villamil, Ecuador",earthquake,9.4,1.9,0.075,53,reviewed,us,us
2019-12-29T01:06:00.130Z,17.8846,-66.864,6,5,ml,18,222,0.1992,0.24,pr,pr2019363002,2020-01-06T18:35:25.879Z,"10km S of Indios, Puerto Rico",earthquake,1.36,0.96,0,0,reviewed,pr,pr
2019-12-29T00:11:11.871Z,-14.9121,-71.9027,133.31,4.6,mb,,144,3.535,0.97,us,us70006s1l,2019-12-29T00:34:00.040Z,"55km SSE of Santo Tomas, Peru",earthquake,11,8.9,0.087,40,reviewed,us,us
2019-12-28T22:49:16.082Z,-30.3842,-177.6075,10,5.1,mb,,108,1.169,1.12,us,us70006s0k,2019-12-28T23:28:54.948Z,"127km SSE of Raoul Island, New Zealand",earthquake,9.7,1.9,0.082,49,reviewed,us,us
2019-12-28T22:35:37.830Z,17.9371,-66.8661,6,4.7,ml,17,204,0.0402,0.23,pr,pr2019362024,2019-12-29T01:02:28.351Z,"5km SE of Guanica, Puerto Rico",earthquake,1.02,0.58,0.41,13,reviewed,pr,pr
2019-12-28T22:29:38.811Z,39.014,74.802,10,4.5,mb,,67,2.373,1,us,us70006s04,2019-12-29T05:39:57.040Z,"107km E of Karakul, Tajikistan",earthquake,6.1,1.8,0.118,21,reviewed,us,us
2019-12-28T18:49:55.957Z,-21.8089,173.3553,49.07,4.9,mb,,123,5.533,1.11,us,us70006rye,2019-12-31T19:33:48.040Z,"127km W of Ceva-i-Ra, Fiji",earthquake,7.7,5.6,0.083,49,reviewed,us,us
2019-12-28T18:25:44.107Z,1.4595,128.5638,51.8,5,mb,,45,1.378,0.94,us,us70006ry8,2019-12-31T19:13:53.040Z,"68km ESE of Tobelo, Indonesia",earthquake,6,6.9,0.053,116,reviewed,us,us
2019-12-28T15:36:35.611Z,-44.5653,37.087,10,5.5,mww,,55,14.005,0.83,us,us70006rx5,2019-12-31T16:40:06.040Z,"265km NNW of Marion Island, Prince Edward Islands",earthquake,10.2,1.9,0.08,15,reviewed,us,us
2019-12-28T12:08:32.697Z,-6.4547,130.2209,139.97,4.9,mb,,75,1.856,0.77,us,us70006rvr,2019-12-28T12:27:30.040Z,"204km NW of Saumlaki, Indonesia",earthquake,5.9,7.2,0.098,33,reviewed,us,us
2019-12-28T10:20:28.161Z,33.0013,46.5702,10,4.5,mb,,98,2.225,0.56,us,us70006rv6,2019-12-28T10:37:36.040Z,"40km ESE of Mehran, Iran",earthquake,8.5,1.9,0.095,33,reviewed,us,us
2019-12-28T08:49:01.680Z,0.5796,92.701,10,4.6,mb,,118,4.926,0.8,us,us70006rum,2019-12-28T09:06:52.040Z,"Off the west coast of northern Sumatra",earthquake,9,1.9,0.095,33,reviewed,us,us
2019-12-28T08:38:14.439Z,5.4056,127.1365,78.41,4.7,mb,,118,2.265,0.79,us,us70006rus,2019-12-28T09:29:15.040Z,"149km SE of Pondaguitan, Philippines",earthquake,7.4,7.6,0.081,47,reviewed,us,us
2019-12-28T07:23:37.084Z,-6.2274,130.2536,149.52,4.6,mb,,91,2.028,0.97,us,us70006ru2,2019-12-28T07:58:28.040Z,"223km NNW of Saumlaki, Indonesia",earthquake,9.4,7.2,0.095,33,reviewed,us,us
2019-12-28T05:22:21.440Z,39.3419,-29.8949,10,4.6,mb,,81,3.771,0.59,us,us70006rt7,2019-12-28T06:20:48.040Z,"105km E of Santa Cruz das Flores, Portugal",earthquake,10,1.9,0.083,44,reviewed,us,us
2019-12-28T04:14:52.703Z,-55.7385,-27.2562,35,5,mb,,194,5.509,0.76,us,us70006rss,2019-12-28T04:32:28.040Z,"107km N of Visokoi Island, South Georgia and the South Sandwich Islands",earthquake,8.5,2,0.093,37,reviewed,us,us
2019-12-28T02:34:32.361Z,58.9177,158.7851,15.42,5.1,mb,,108,4.168,0.88,us,us70006rsk,2019-12-28T02:52:58.040Z,"71km WSW of Palana, Russia",earthquake,9.9,4.6,0.029,376,reviewed,us,us
2019-12-28T01:59:38.287Z,5.2285,125.983,89.31,4.9,mb,,112,1.872,0.66,us,us70006rsi,2019-12-28T02:16:39.040Z,"60km ESE of Sarangani, Philippines",earthquake,9.4,9.1,0.117,23,reviewed,us,us
2019-12-27T21:43:31.775Z,51.183,175.8707,10,4.9,mww,,134,1.817,0.74,us,us70006rql,2020-01-09T01:58:05.730Z,"130km S of Buldir Island, Alaska",earthquake,5.4,1.8,0.098,10,reviewed,us,us
2019-12-27T08:57:48.527Z,59.0073,158.9654,14.87,4.7,mb,,94,4.241,0.66,us,us70006rh8,2019-12-27T09:24:56.040Z,"58km WSW of Palana, Russia",earthquake,9.6,5,0.046,144,reviewed,us,us
2019-12-27T08:34:00.986Z,2.889,127.343,75.39,4.5,mb,,100,2.103,0.66,us,us70006rgu,2019-12-27T08:55:31.040Z,"148km NNW of Tobelo, Indonesia",earthquake,7.7,8.6,0.099,30,reviewed,us,us
2019-12-27T07:02:27.851Z,38.274,39.0472,10,4.9,mww,,59,1.673,0.81,us,us70006rg4,2019-12-27T07:17:25.397Z,"4km S of Doganyol, Turkey",earthquake,3.4,1.9,0.08,15,reviewed,us,us
2019-12-27T05:10:02.118Z,37.8971,142.7059,10,4.9,mb,,121,3.518,0.64,us,us70006rff,2020-01-02T18:40:38.628Z,"136km ESE of Ishinomaki, Japan",earthquake,6.4,1.9,0.062,83,reviewed,us,us
2019-12-27T04:53:47.232Z,-50.327,130.5338,10,5,mb,,129,16.649,1.09,us,us70006rf7,2019-12-27T05:09:18.040Z,"Western Indian-Antarctic Ridge",earthquake,13,1.9,0.107,28,reviewed,us,us
2019-12-27T03:20:39.655Z,3.4555,-73.9805,10,4.6,mb,,92,1.421,1.22,us,us70006rer,2019-12-27T03:40:19.040Z,"8km SSE of Lejanias, Colombia",earthquake,6.5,1.9,0.058,89,reviewed,us,us
2019-12-27T02:26:23.517Z,26.1399,128.4121,10,4.5,mb,,76,0.704,0.9,us,us70006xmz,2020-01-11T01:34:51.040Z,"58km ESE of Haebaru, Japan",earthquake,2.8,1.9,0.128,18,reviewed,us,us
2019-12-27T01:53:16.004Z,28.885,51.3613,38.28,5.1,mb,,73,5.838,0.9,us,us70006rec,2019-12-30T14:02:25.488Z,"44km SSE of Borazjan, Iran",earthquake,7.6,6.7,0.046,153,reviewed,us,us
2019-12-27T01:37:46.587Z,16.7917,-61.0227,35.02,4.8,mb,,103,0.478,1.02,us,us70006re9,2019-12-27T03:21:55.553Z,"54km N of Grande Anse, Guadeloupe",earthquake,6.6,7.4,0.042,176,reviewed,us,us
2019-12-26T21:24:57.189Z,14.3764,123.7268,49,4.5,mb,,132,2.719,0.84,us,us70006xqp,2020-01-11T04:47:59.040Z,"54km N of Garchitorena, Philippines",earthquake,11.5,10.2,0.127,18,reviewed,us,us
2019-12-26T19:24:55.965Z,32.3066,105.2109,10,4.5,mb,,93,4.188,0.64,us,us70006rbi,2019-12-26T22:04:06.040Z,"6km W of Qifo, China",earthquake,7.8,1.8,0.071,58,reviewed,us,us
2019-12-26T19:04:31.504Z,-17.4475,-178.7843,567.81,4.8,mb,,76,3.031,0.72,us,us70006raz,2019-12-26T21:40:00.040Z,"226km ESE of Lambasa, Fiji",earthquake,12.3,6.8,0.028,388,reviewed,us,us
2019-12-26T17:21:42.376Z,58.7872,158.866,15.58,4.9,mb,,108,4.239,0.78,us,us70006r99,2019-12-26T17:40:19.040Z,"73km WSW of Palana, Russia",earthquake,9.4,2.4,0.035,260,reviewed,us,us
2019-12-26T17:13:51.402Z,58.8427,158.7756,16.99,5.4,mww,,87,4.18,0.62,us,us70006r97,2019-12-30T18:06:42.040Z,"74km WSW of Palana, Russia",earthquake,7.9,3.8,0.078,16,reviewed,us,us
2019-12-26T15:15:13.236Z,-55.7473,-27.1713,18.78,5.2,mww,,46,5.558,0.83,us,us70006r89,2019-12-27T15:45:17.040Z,"106km N of Visokoi Island, South Georgia and the South Sandwich Islands",earthquake,10.1,3.8,0.078,16,reviewed,us,us
2019-12-26T15:14:33.245Z,-55.6399,-27.1756,24.79,4.6,mb,,80,5.535,1.06,us,us70006rkg,2019-12-27T16:12:33.040Z,"118km N of Visokoi Island, South Georgia and the South Sandwich Islands",earthquake,11.7,5.2,0.098,35,reviewed,us,us
2019-12-26T12:19:52.363Z,11.1734,122.706,38.3,4.9,mb,,86,8.194,0.91,us,us70006r7h,2019-12-27T02:12:46.520Z,"1km SW of Alimono, Philippines",earthquake,8.8,5.4,0.06,108,reviewed,us,us
2019-12-26T10:36:37.457Z,30.982,113.4582,10,5,mb,,54,8.691,0.96,us,us70006r6e,2019-12-28T08:46:43.926Z,"5km S of Tiandian, China",earthquake,9.3,1.9,0.054,109,reviewed,us,us
2019-12-26T09:26:41.426Z,38.7817,141.5243,63.5,4.9,mb,,122,2.671,0.9,us,us70006r5w,2019-12-26T11:26:53.575Z,"36km SSW of Ofunato, Japan",earthquake,8.6,6.8,0.048,136,reviewed,us,us
2019-12-26T09:24:35.995Z,-5.4887,150.8466,121.95,5.2,mb,,40,4.875,0.79,us,us70006r5x,2019-12-26T19:48:47.837Z,"78km E of Kimbe, Papua New Guinea",earthquake,5.1,7.1,0.041,201,reviewed,us,us
2019-12-26T07:22:10.378Z,-7.844,106.7599,54.71,4.7,mb,,54,3.728,0.69,us,us70006r59,2019-12-26T07:49:49.040Z,"46km S of Buniasih, Indonesia",earthquake,8.4,2.6,0.078,50,reviewed,us,us
2019-12-26T05:55:32.156Z,58.8214,158.8209,10,4.9,mb,,97,4.208,0.54,us,us70006r4p,2019-12-26T06:18:35.040Z,"73km WSW of Palana, Russia",earthquake,8.1,1.9,0.029,370,reviewed,us,us
2019-12-26T03:48:30.386Z,3.398,-74.0126,10,4.8,mb,,116,1.469,1.13,us,us70006r41,2019-12-26T10:58:40.468Z,"3km ENE of Mesetas, Colombia",earthquake,9.4,1.9,0.031,323,reviewed,us,us
2019-12-26T02:21:35.403Z,-22.0846,173.1524,59.95,5.5,mww,,102,5.308,1.22,us,us70006r3m,2019-12-30T18:15:52.040Z,"118km ENE of Ile Hunter, New Caledonia",earthquake,9.5,6.8,0.08,15,reviewed,us,us
2019-12-26T02:16:56.635Z,-22.0043,173.7065,10,5.1,mb,,123,5.828,1.25,us,us70006r3l,2019-12-26T02:51:17.040Z,"94km WSW of Ceva-i-Ra, Fiji",earthquake,10.2,1.9,0.069,68,reviewed,us,us
2019-12-26T02:06:38.682Z,-22.2079,173.2073,10,5.1,mb,,123,5.345,1.32,us,us70006r3i,2019-12-26T02:27:39.040Z,"121km E of Ile Hunter, New Caledonia",earthquake,11.3,1.9,0.055,106,reviewed,us,us
2019-12-25T21:33:05.420Z,-22.0043,173.6194,10,4.8,mb,,111,5.748,0.96,us,us70006xts,2020-01-12T04:10:13.040Z,"103km WSW of Ceva-i-Ra, Fiji",earthquake,5.7,1.9,0.097,33,reviewed,us,us
2019-12-25T20:38:52.929Z,50.8542,-130.2928,10,4.8,mwr,,167,1.547,1.21,us,us70006r1m,2019-12-26T02:28:42.267Z,"203km W of Port Hardy, Canada",earthquake,9,1.9,0.083,14,reviewed,us,us
2019-12-25T20:20:12.236Z,-25.2639,-116.0112,10,5.8,mww,,197,6.201,1.43,us,us70006r1g,2019-12-30T17:03:08.040Z,"Southern East Pacific Rise",earthquake,15.3,2,0.08,15,reviewed,us,us
2019-12-25T18:34:07.483Z,-22.2188,172.4837,10,4.9,mww,,96,4.201,1.05,us,us70006r11,2020-01-08T19:08:17.040Z,"48km ENE of Ile Hunter, New Caledonia",earthquake,10.9,1.8,0.078,16,reviewed,us,us
2019-12-25T18:13:57.227Z,-54.235,140.4812,10,4.7,mb,,93,12.197,0.83,us,us70006r0q,2020-01-08T17:52:00.040Z,"West of Macquarie Island",earthquake,8.2,1.9,0.087,47,reviewed,us,us
2019-12-25T18:05:29.094Z,-22.2501,173.3423,10,4.9,mb,,121,4.992,0.96,us,us70006r0p,2019-12-25T18:25:48.040Z,"134km E of Ile Hunter, New Caledonia",earthquake,12.7,1.9,0.085,43,reviewed,us,us
2019-12-25T16:56:17.126Z,4.3226,126.974,10,5.2,mb,,100,3.061,0.63,us,us70006qzx,2019-12-25T17:15:53.040Z,"205km SE of Sarangani, Philippines",earthquake,5.7,1.8,0.07,68,reviewed,us,us
2019-12-25T14:58:10.675Z,-22.0853,173.4511,10,4.7,mb,,120,5.073,1.21,us,us70006qyv,2019-12-27T18:41:20.040Z,"122km WSW of Ceva-i-Ra, Fiji",earthquake,10.2,1.9,0.091,37,reviewed,us,us
2019-12-25T14:15:06.891Z,-22.1171,173.3803,10,5,mww,,120,5.011,1.01,us,us70006qyp,2019-12-27T18:17:14.040Z,"130km WSW of Ceva-i-Ra, Fiji",earthquake,11.1,1.8,0.075,17,reviewed,us,us
2019-12-25T13:00:18.247Z,39.3196,-29.7315,10,4.8,mb,,67,3.646,0.87,us,us70006qyb,2019-12-27T17:54:36.040Z,"120km E of Santa Cruz das Flores, Portugal",earthquake,10,1.9,0.035,257,reviewed,us,us
2019-12-25T12:23:13.899Z,-22.0342,173.7386,16.48,5.2,mww,,121,5.334,0.6,us,us70006qy1,2019-12-25T12:41:32.040Z,"92km WSW of Ceva-i-Ra, Fiji",earthquake,10.3,5.2,0.08,15,reviewed,us,us
2019-12-25T10:50:49.125Z,-21.9881,173.453,44.69,4.5,mb,,126,5.596,0.71,us,us70006qxh,2019-12-25T11:44:58.040Z,"119km WSW of Ceva-i-Ra, Fiji",earthquake,6.8,8.4,0.113,23,reviewed,us,us
2019-12-25T10:25:55.423Z,3.6426,-73.9539,10,4.5,mb,,75,1.249,1.13,us,us70006qwx,2019-12-25T10:49:45.040Z,"15km NNE of Lejanias, Colombia",earthquake,8.5,2,0.08,46,reviewed,us,us
2019-12-25T10:11:43.999Z,-21.9579,173.5649,24.08,5.2,mww,,120,5.167,0.79,us,us70006qwn,2019-12-25T10:29:52.040Z,"107km WSW of Ceva-i-Ra, Fiji",earthquake,9.7,5.4,0.078,16,reviewed,us,us
2019-12-25T08:58:03.078Z,31.4894,140.0333,118.92,5,mb,,92,1.631,1.21,us,us70006qvr,2019-12-25T09:52:35.733Z,"178km S of Hachijo-jima, Japan",earthquake,3.9,6.7,0.028,405,reviewed,us,us
2019-12-25T07:04:18.923Z,23.6437,95.9931,10,4.6,mb,,71,1.655,0.52,us,us70006quh,2019-12-25T07:37:35.040Z,"95km NNW of Mogok, Burma",earthquake,6.6,1.9,0.105,27,reviewed,us,us
2019-12-25T06:53:20.833Z,-22.3417,173.7219,10,4.7,mb,,126,5.353,0.98,us,us70006qut,2019-12-25T07:53:33.040Z,"110km SW of Ceva-i-Ra, Fiji",earthquake,11.9,1.9,0.121,21,reviewed,us,us
2019-12-25T03:45:51.380Z,-21.9499,173.4771,39.89,5.1,mb,,124,5.624,1.15,us,us70006qtd,2019-12-25T04:04:36.040Z,"116km W of Ceva-i-Ra, Fiji",earthquake,10.7,7.9,0.073,60,reviewed,us,us
2019-12-25T03:36:02.511Z,50.5828,-129.9987,10,6.3,mww,,99,1.869,1.04,us,us70006qt7,2020-01-02T09:05:16.736Z,"182km W of Port Hardy, Canada",earthquake,6.5,1.8,0.045,48,reviewed,us,us
2019-12-25T02:11:23.210Z,3.419,-73.9867,10,5,mb,,65,1.455,0.78,us,us70006qsp,2020-01-12T03:17:08.690Z,"7km ENE of Mesetas, Colombia",earthquake,6.4,1.8,0.048,142,reviewed,us,us
2019-12-25T00:56:45.428Z,-1.5156,120.1165,10,4.8,mb,,91,2.692,1.06,us,us70006qsf,2019-12-25T01:22:03.040Z,"60km W of Kasiguncu, Indonesia",earthquake,4.3,1.9,0.135,17,reviewed,us,us
2019-12-25T00:25:01.015Z,3.4684,-73.9681,10,4.5,mb,,82,1.412,0.92,us,us70006qs6,2019-12-25T02:35:56.739Z,"8km SE of Lejanias, Colombia",earthquake,8.8,1.9,0.049,123,reviewed,us,us
2019-12-24T23:55:18.115Z,13.7672,-92.8236,10,4.5,mb,,188,1.328,1.06,us,us70006qrz,2019-12-25T00:17:41.040Z,"106km SW of Ocos, Guatemala",earthquake,10,2,0.045,144,reviewed,us,us
2019-12-24T20:11:15.668Z,3.6656,-73.9345,10,4.5,mb,,85,1.233,0.61,us,us70006qq5,2019-12-25T18:15:21.040Z,"17km SW of San Luis de Cubarral, Colombia",earthquake,6.4,1.5,0.072,56,reviewed,us,us
2019-12-24T19:19:03.270Z,3.4572,-74.0581,10,5.6,mww,,51,1.403,0.67,us,us70006qp1,2019-12-25T19:20:54.488Z,"8km SSW of Lejanias, Colombia",earthquake,7.2,1.8,0.046,46,reviewed,us,us
2019-12-24T19:03:52.404Z,3.5028,-74.0461,11,6,mww,,47,1.361,0.75,us,us70006qnn,2020-01-07T12:15:36.726Z,"3km SW of Lejanias, Colombia",earthquake,7.1,1.7,0.066,22,reviewed,us,us
2019-12-24T18:48:24.477Z,-18.657,-69.2137,134.28,4.9,mww,,67,0.424,0.85,us,us70006qnj,2019-12-25T16:22:53.040Z,"62km SE of Putre, Chile",earthquake,5.3,4.6,0.08,15,reviewed,us,us
2019-12-24T18:37:56.041Z,11.5532,142.6859,51.55,4.9,mb,,117,20.375,0.6,us,us70006qny,2019-12-25T15:07:01.040Z,"287km SW of Merizo Village, Guam",earthquake,11.6,7.9,0.049,132,reviewed,us,us
2019-12-24T16:43:32.751Z,-26.9769,-63.3728,560.58,6,mww,,31,5.141,0.56,us,us70006qk4,2019-12-30T16:32:36.040Z,"15km WNW of El Hoyo, Argentina",earthquake,9.1,3.9,0.052,36,reviewed,us,us
2019-12-24T14:36:54.869Z,43.6008,146.0262,101.07,5,mb,,125,2.536,0.54,us,us70006qjc,2019-12-25T13:49:36.371Z,"47km NE of Nemuro, Japan",earthquake,9.2,6.9,0.031,328,reviewed,us,us
2019-12-24T13:52:45.820Z,-22.6118,-172.9654,10,4.9,mb,,73,8.728,0.48,us,us70006qiw,2019-12-24T15:09:13.040Z,"249km SE of `Ohonua, Tonga",earthquake,10.6,1.9,0.049,132,reviewed,us,us
2019-12-24T13:37:39.178Z,-30.2079,-178.0872,54.9,4.5,mb,,164,0.969,0.54,us,us70006qip,2019-12-24T14:55:40.040Z,"105km S of Raoul Island, New Zealand",earthquake,16.5,14.5,0.131,17,reviewed,us,us
2019-12-24T11:49:34.365Z,-17.2437,-174.1491,169.84,4.8,mb,,103,4.026,1.37,us,us70006qif,2019-12-24T12:08:54.040Z,"149km SSW of Hihifo, Tonga",earthquake,10.2,9.2,0.112,25,reviewed,us,us
2019-12-24T10:06:47.582Z,5.1544,-82.3804,10,4.6,mb,,133,3.628,0.6,us,us70006qhm,2020-01-06T13:18:41.040Z,"South of Panama",earthquake,12.4,1.9,0.046,143,reviewed,us,us
2019-12-24T05:52:56.516Z,7.0933,92.4323,10,5.1,mb,,100,4.543,1,us,us70006qg6,2019-12-31T11:44:42.652Z,"137km SW of Mohean, India",earthquake,8.3,1.9,0.07,66,reviewed,us,us
2019-12-24T03:14:47.387Z,54.4578,159.8324,136.07,4.5,mb,,148,1.599,0.57,us,us70006qel,2019-12-24T03:27:49.040Z,"170km NNE of Yelizovo, Russia",earthquake,13.7,9.9,0.094,33,reviewed,us,us
2019-12-24T00:25:09.970Z,10.8563,-86.4757,35,4.7,mb,,129,1.148,0.92,us,us70006qdf,2019-12-29T23:16:37.161Z,"79km WSW of San Juan del Sur, Nicaragua",earthquake,7.8,2,0.031,318,reviewed,us,us
2019-12-24T00:24:13.258Z,10.8972,-86.4727,35,4.5,mb,,193,1.171,0.79,us,us70006qda,2019-12-26T06:26:09.040Z,"76km WSW of San Juan del Sur, Nicaragua",earthquake,3.4,2,0.066,68,reviewed,us,us
2019-12-23T23:38:28.919Z,50.6958,-129.7736,10,4.9,mwr,,138,1.045,0.76,us,us70006qcr,2020-01-11T02:25:38.127Z,"166km W of Port Hardy, Canada",earthquake,5.5,1.9,0.066,22,reviewed,us,us
2019-12-23T23:09:46.340Z,14.3887,-92.0289,58.97,4.5,mb,,175,0.35,1.11,us,us70006qce,2020-01-11T02:33:09.687Z,"15km NW of Champerico, Guatemala",earthquake,2.6,6,0.044,147,reviewed,us,us
2019-12-23T21:37:40.017Z,55.778,162.1574,15.55,4.7,mb,,128,3.438,0.69,us,us70006qa0,2019-12-23T22:59:43.040Z,"53km SSW of Ust'-Kamchatsk Staryy, Russia",earthquake,11.7,4.6,0.042,171,reviewed,us,us
2019-12-23T21:19:41.905Z,-7.3728,130.0773,51.73,4.6,mb,,84,1.353,1.37,us,us70006q9j,2019-12-23T22:29:36.040Z,"150km WNW of Saumlaki, Indonesia",earthquake,7.3,4.9,0.085,41,reviewed,us,us
2019-12-23T20:56:23.602Z,50.53,-129.7364,10,6,mww,,143,1.028,1,us,us70006q96,2020-01-08T00:43:22.813Z,"165km W of Port Hardy, Canada",earthquake,6,1.9,0.038,66,reviewed,us,us
2019-12-23T19:49:42.940Z,50.589,-129.9544,10,6,mww,,141,1.161,1.11,us,us70006q8n,2020-01-08T00:42:18.283Z,"179km W of Port Hardy, Canada",earthquake,6.6,1.8,0.03,106,reviewed,us,us
2019-12-23T19:13:25.046Z,50.5708,-129.819,10,5.7,mww,,142,1.076,0.93,us,us70006q8f,2020-01-08T00:33:36.664Z,"170km W of Port Hardy, Canada",earthquake,2.4,1.9,0.032,92,reviewed,us,us
2019-12-23T17:30:47.476Z,55.8205,162.0199,10,4.6,mb,,147,3.425,0.78,us,us70006q7c,2020-01-08T00:29:19.040Z,"53km SSW of Ust'-Kamchatsk Staryy, Russia",earthquake,7.5,1.9,0.064,72,reviewed,us,us
2019-12-23T16:44:13.686Z,50.5466,-129.7652,10,5.2,mww,,147,1.939,0.64,us,us70006q6p,2019-12-24T00:47:00.530Z,"166km W of Port Hardy, Canada",earthquake,7.4,1.9,0.039,62,reviewed,us,us
2019-12-23T16:26:04.268Z,55.8054,162.1587,10,4.6,mb,,137,3.46,0.8,us,us70006q6k,2019-12-23T16:47:02.040Z,"51km SSW of Ust'-Kamchatsk Staryy, Russia",earthquake,12.7,1.9,0.077,51,reviewed,us,us
2019-12-23T16:19:06.766Z,55.742,162.2066,12.62,5.4,mb,,83,3.427,0.53,us,us70006q6f,2019-12-24T16:22:21.402Z,"56km SSW of Ust'-Kamchatsk Staryy, Russia",earthquake,6.5,3.8,0.024,573,reviewed,us,us
2019-12-23T15:47:56.241Z,13.7525,-92.8208,10,5.8,mww,,73,1.334,0.95,us,us70006q68,2019-12-24T15:50:03.600Z,"107km SW of Ocos, Guatemala",earthquake,7.3,1.8,0.036,73,reviewed,us,us
2019-12-23T12:39:56.804Z,-6.3301,142.6801,10,4.9,mb,,50,5.387,1.15,us,us70006q52,2019-12-23T13:08:13.040Z,"108km W of Mendi, Papua New Guinea",earthquake,8.6,1.9,0.086,42,reviewed,us,us
2019-12-23T11:23:28.867Z,-28.5586,-71.7412,23.15,4.8,mb,,123,0.685,1.55,us,us70006q4h,2019-12-23T12:06:00.040Z,"96km W of Vallenar, Chile",earthquake,7,2.9,0.249,5,reviewed,us,us
2019-12-23T08:24:04.706Z,-20.9011,-178.7301,600.1,4.7,mb,,94,4.368,1.11,us,us70006q3r,2019-12-23T08:53:29.040Z,"27km S of Ndoi Island, Fiji",earthquake,12.2,7.2,0.034,259,reviewed,us,us
2019-12-23T06:33:40.803Z,11.532,141.7007,46.62,5.8,mww,,30,5.423,0.8,us,us70006q2n,2020-01-11T06:43:54.364Z,"234km NNE of Fais, Micronesia",earthquake,9,5.3,0.059,28,reviewed,us,us
2019-12-23T01:06:46.761Z,-10.5827,165.626,103.3,4.5,mb,,68,5.073,0.83,us,us70006q0q,2020-01-13T01:47:17.040Z,"27km WNW of Lata, Solomon Islands",earthquake,11.7,6.9,0.09,36,reviewed,us,us
2019-12-22T21:30:17.722Z,18.7791,145.6352,207.5,4.9,mb,,60,3.521,0.92,us,us70006py8,2019-12-22T21:48:05.040Z,"3km WNW of Agrihan, Northern Mariana Islands",earthquake,5.9,6.8,0.033,286,reviewed,us,us
2019-12-22T16:49:26.455Z,-20.0608,-173.451,10,5.2,mww,,74,3.464,1.4,us,us70006pvd,2019-12-23T16:59:01.040Z,"98km ESE of Pangai, Tonga",earthquake,9.4,1.8,0.08,15,reviewed,us,us
2019-12-22T14:19:42.760Z,-15.2337,-173.7414,124.76,4.6,mb,,81,2.313,0.86,us,us70006x27,2020-01-12T15:21:55.040Z,"79km N of Hihifo, Tonga",earthquake,10.1,6.9,0.084,42,reviewed,us,us
2019-12-22T13:58:13.343Z,-52.8652,11.7804,10,4.6,mb,,62,19.947,1.15,us,us70006x26,2020-01-12T14:39:47.040Z,"Southwest of Africa",earthquake,13.5,1.9,0.133,17,reviewed,us,us
2019-12-22T13:18:37.812Z,55.8559,162.3498,21.93,4.5,mb,,104,3.566,0.64,us,us70006pty,2020-01-09T18:16:15.040Z,"42km S of Ust'-Kamchatsk Staryy, Russia",earthquake,7.8,5.4,0.043,157,reviewed,us,us
2019-12-22T13:07:42.002Z,54.5074,160.1167,97.4,4.6,mb,,119,1.723,0.58,us,us70006ptv,2020-01-09T18:12:59.040Z,"182km SSE of Esso, Russia",earthquake,9.3,6.5,0.033,277,reviewed,us,us
2019-12-22T12:33:44.375Z,38.9934,140.8078,10,4.6,mb,,127,2.215,0.53,us,us70006ptd,2020-01-12T09:33:23.040Z,"29km WNW of Ichinoseki, Japan",earthquake,6.3,1.5,0.077,50,reviewed,us,us
2019-12-22T12:28:17.523Z,-6.2974,103.7581,35,4.5,mb,,130,2.083,0.64,us,us70006pte,2020-01-12T09:20:03.040Z,"111km SSW of Biha, Indonesia",earthquake,11.3,2,0.122,20,reviewed,us,us
2019-12-22T11:27:29.366Z,32.5445,48.9049,10,4.9,mww,,61,1.554,0.77,us,us70006pss,2020-01-12T08:56:00.937Z,"50km ENE of Dezful, Iran",earthquake,4.9,1.8,0.11,8,reviewed,us,us
2019-12-22T07:39:38.175Z,6.6458,125.1503,10,4.8,mb,,92,0.598,0.67,us,us70006pqz,2019-12-22T08:28:40.040Z,"10km WNW of Kiblawan, Philippines",earthquake,6.5,1.5,0.102,30,reviewed,us,us
2019-12-22T04:56:44.041Z,29.2462,142.1406,18.04,4.7,mb,,139,2.142,0.49,us,us70006pqe,2019-12-22T05:16:13.040Z,"239km N of Chichi-shima, Japan",earthquake,8.9,5.2,0.108,26,reviewed,us,us
2019-12-22T04:44:39.193Z,31.5627,131.7912,51.73,4.5,mb,,193,1.144,0.68,us,us70006x1v,2020-01-10T06:07:48.040Z,"40km E of Nichinan, Japan",earthquake,7.5,5.6,0.135,16,reviewed,us,us
2019-12-22T03:23:14.959Z,6.7602,125.2514,21.77,4.8,mb,,79,0.447,0.96,us,us70006ppd,2019-12-22T03:39:41.040Z,"0km NE of Sinawilan, Philippines",earthquake,4.2,6.3,0.091,37,reviewed,us,us
2019-12-22T02:21:51.586Z,-1.3495,69.5032,10,4.9,mb,,72,3.941,0.89,us,us70006pp0,2019-12-22T02:55:14.040Z,"Carlsberg Ridge",earthquake,9.2,1.8,0.091,38,reviewed,us,us
2019-12-21T22:52:36.872Z,56.3301,-152.1144,5,5,mww,,,,0.96,ak,ak019gbh6yuk,2020-01-12T23:02:39.363Z,"137km S of Kodiak Station, Alaska",earthquake,,2.8,,,reviewed,ak,ak
2019-12-21T22:52:11.183Z,56.2084,-152.01,8.1,4.5,ml,,,,0.88,ak,ak019gbh6wx5,2020-01-10T23:42:30.040Z,"157km S of Kodiak Station, Alaska",earthquake,,5.3,,,reviewed,ak,ak
2019-12-21T21:43:19.104Z,32.361,142.4477,10,4.7,mb,,130,2.343,0.57,us,us70006pld,2020-01-10T05:48:43.040Z,"260km ESE of Hachijo-jima, Japan",earthquake,4.7,1.8,0.092,36,reviewed,us,us
2019-12-21T21:26:52.117Z,6.5285,125.2771,13.03,4.9,mb,,87,0.615,0.74,us,us70006pkn,2020-01-10T05:16:19.040Z,"10km SW of Sulop, Philippines",earthquake,5.3,2.5,0.067,73,reviewed,us,us
2019-12-21T21:26:01.389Z,-29.9781,-177.5151,35,4.6,mb,,187,0.814,0.93,us,us70006x1j,2020-01-11T03:26:33.040Z,"87km SSE of Raoul Island, New Zealand",earthquake,11.3,1.9,0.164,11,reviewed,us,us
2019-12-21T21:16:20.969Z,45.7841,-27.5599,10,4.8,mb,,67,8.156,0.52,us,us70006pl3,2020-01-10T04:52:23.040Z,"Northern Mid-Atlantic Ridge",earthquake,7.5,1.5,0.066,72,reviewed,us,us
2019-12-21T20:34:49.129Z,-56.9703,-67.3383,10,5.2,mb,,96,2.049,0.65,us,us70006pjv,2020-01-10T03:25:49.040Z,"249km SSE of Ushuaia, Argentina",earthquake,7.8,1.7,0.066,75,reviewed,us,us
2019-12-21T19:04:37.633Z,-6.0566,147.2141,55.18,4.5,mb,,63,3.326,0.88,us,us70006pi1,2020-01-08T00:17:25.040Z,"77km NNE of Lae, Papua New Guinea",earthquake,6.1,8.5,0.104,27,reviewed,us,us
2019-12-21T17:47:27.598Z,13.1128,-88.7462,75.25,4.5,mb,,164,1.411,0.82,us,us70006ph7,2019-12-24T15:17:35.040Z,"28km SW of Puerto El Triunfo, El Salvador",earthquake,6.3,9.8,0.053,113,reviewed,us,us
2019-12-21T15:43:01.173Z,-29.6261,-177.1484,10,4.8,mb,,131,0.779,0.88,us,us70006pfq,2019-12-21T16:10:15.040Z,"83km ESE of Raoul Island, New Zealand",earthquake,9.9,1.9,0.139,16,reviewed,us,us
2019-12-21T11:25:28.222Z,-5.1051,134.0089,10,4.5,mb,,77,2.792,1.02,us,us70006pen,2019-12-21T11:51:38.040Z,"76km NNW of Dobo, Indonesia",earthquake,8.5,1.9,0.11,24,reviewed,us,us
2019-12-21T11:16:00.172Z,-3.0573,150.2689,10,4.5,mb,,192,2.201,0.66,us,us70006pek,2019-12-21T11:35:32.040Z,"79km SW of Kavieng, Papua New Guinea",earthquake,7.4,2,0.131,17,reviewed,us,us
2019-12-21T08:14:42.349Z,-3.4013,146.3353,10,4.6,mb,,114,1.697,1.07,us,us70006x0x,2020-01-12T08:20:50.040Z,"184km SW of Lorengau, Papua New Guinea",earthquake,9.6,1.9,0.12,21,reviewed,us,us
2019-12-21T06:17:57.909Z,-3.2336,139.626,44.75,4.7,mb,,55,7.373,0.63,us,us70006pcr,2020-01-12T08:05:55.040Z,"125km WSW of Abepura, Indonesia",earthquake,5.1,8.1,0.104,28,reviewed,us,us
2019-12-21T05:10:13.663Z,-3.2776,146.2264,10,4.6,mb,,126,1.673,0.47,us,us70006pcd,2020-01-12T07:57:31.040Z,"180km SW of Lorengau, Papua New Guinea",earthquake,9,1.9,0.1,30,reviewed,us,us
2019-12-21T04:30:38.594Z,-4.1269,152.909,35,4.5,mb,,118,0.746,1.15,us,us70006x0l,2020-01-10T04:41:47.040Z,"40km NNW of Taron, Papua New Guinea",earthquake,8.5,1.9,0.18,9,reviewed,us,us
2019-12-21T04:29:08.162Z,-17.8552,-177.9476,436.6,4.5,mb,,121,3.812,0.97,us,us70006x0m,2020-01-10T04:30:50.040Z,"Fiji region",earthquake,12.9,7.2,0.109,25,reviewed,us,us
2019-12-21T04:17:58.706Z,-17.6535,-174.6947,156.04,4.9,mb,,52,4.663,0.76,us,us70006pc0,2019-12-21T04:36:10.040Z,"133km NW of Neiafu, Tonga",earthquake,10.1,7,0.033,280,reviewed,us,us
2019-12-21T03:00:19.444Z,38.9246,142.2219,60,4.6,mb,,156,3.168,0.47,us,us70006x0g,2020-01-10T03:44:39.040Z,"46km ESE of Ofunato, Japan",earthquake,10.3,9.2,0.182,9,reviewed,us,us
2019-12-21T02:33:14.676Z,-31.3056,-13.4846,10,5.1,mb,,79,16.831,0.76,us,us70006pba,2019-12-21T02:49:58.040Z,"Southern Mid-Atlantic Ridge",earthquake,12.4,1.9,0.08,51,reviewed,us,us
2019-12-21T02:25:43.917Z,-31.2011,-13.3377,10,5,mb,,79,30.318,0.51,us,us70006pb7,2019-12-21T02:42:23.040Z,"Southern Mid-Atlantic Ridge",earthquake,13,1.9,0.081,48,reviewed,us,us
2019-12-21T02:07:40.292Z,-3.5787,149.71,10,5,mb,,81,2.522,0.73,us,us70006pb4,2019-12-21T02:26:54.040Z,"164km SW of Kavieng, Papua New Guinea",earthquake,5.5,1.7,0.097,34,reviewed,us,us
2019-12-20T22:35:15.793Z,-3.6858,149.8071,10,4.8,mb,,74,2.404,0.83,us,us70006p9t,2019-12-20T22:53:40.040Z,"164km SW of Kavieng, Papua New Guinea",earthquake,8.1,1.9,0.119,22,reviewed,us,us
2019-12-20T20:54:37.392Z,32.9676,142.5209,35.88,4.6,mb,,122,2.278,0.62,us,us70006p8f,2019-12-21T16:24:41.040Z,"254km E of Hachijo-jima, Japan",earthquake,8.7,7,0.078,53,reviewed,us,us
2019-12-20T19:40:52.438Z,32.8686,142.6985,10,5.2,mww,,29,2.436,0.85,us,us70006p7m,2019-12-21T16:07:39.040Z,"271km E of Hachijo-jima, Japan",earthquake,6.7,1.7,0.049,40,reviewed,us,us
2019-12-20T17:20:19.561Z,-21.4537,-173.8537,10,4.9,mb,,111,4.379,0.92,us,us70006p5d,2019-12-21T14:54:29.040Z,"114km E of `Ohonua, Tonga",earthquake,6.4,1.9,0.096,40,reviewed,us,us
2019-12-20T16:55:47.295Z,6.7245,125.1955,10,4.8,mb,,78,0.512,0.66,us,us70006p50,2019-12-20T17:10:05.481Z,"4km SSE of Magsaysay, Philippines",earthquake,5.4,1.9,0.109,26,reviewed,us,us
2019-12-20T11:39:52.941Z,36.5344,70.4374,210.22,6.1,mww,,19,1.394,1,us,us70006p18,2019-12-25T06:06:43.718Z,"51km SW of Jarm, Afghanistan",earthquake,6.2,5.1,0.062,25,reviewed,us,us
2019-12-20T11:27:14.410Z,59.4441,-30.4803,10,4.6,mb,,93,6.833,0.56,us,us70006p1p,2019-12-20T12:16:08.040Z,"Reykjanes Ridge",earthquake,7.5,1.6,0.047,136,reviewed,us,us
2019-12-20T09:35:27.334Z,-7.76,127.515,196.51,4.6,mb,,49,3.755,1.07,us,us70006p09,2019-12-20T14:45:51.807Z,"231km ENE of Dili, East Timor",earthquake,8.5,8.1,0.091,36,reviewed,us,us
2019-12-20T09:29:29.849Z,59.6112,-30.618,10,4.6,mb,,88,6.737,0.99,us,us70006p0j,2019-12-20T15:15:53.040Z,"Reykjanes Ridge",earthquake,6.9,1.8,0.048,130,reviewed,us,us
2019-12-20T08:54:24.168Z,59.4578,-30.5358,10,4.5,mb,,180,6.838,0.92,us,us70006wzt,2020-01-12T07:51:03.040Z,"Reykjanes Ridge",earthquake,11.6,2,0.171,10,reviewed,us,us
2019-12-20T08:31:55.643Z,-26.3504,-70.4918,59.5,4.5,mb,,139,0.223,0.51,us,us70006nzg,2020-01-12T07:36:51.040Z,"44km W of Diego de Almagro, Chile",earthquake,3.1,10.4,0.271,4,reviewed,us,us
2019-12-20T07:55:59.523Z,-22.9196,-176.1502,52.43,4.8,mb,,114,6.957,0.59,us,us70006wzd,2020-01-12T07:31:09.040Z,"214km SSW of Vaini, Tonga",earthquake,5.6,8.3,0.124,20,reviewed,us,us
2019-12-20T06:58:17.868Z,59.6016,-30.3922,10,4.5,mb,,74,6.678,0.54,us,us70006nyz,2020-01-12T07:08:42.040Z,"Reykjanes Ridge",earthquake,8.9,1.9,0.091,36,reviewed,us,us
2019-12-20T06:13:39.309Z,59.4469,-30.3242,10,4.9,mb,,65,6.785,0.62,us,us70006nyj,2020-01-12T06:58:37.040Z,"Reykjanes Ridge",earthquake,9.9,1.9,0.066,71,reviewed,us,us
2019-12-20T06:11:50.184Z,59.6129,-30.4138,10,5.1,mww,,74,6.675,0.51,us,us70006nyq,2020-01-12T06:55:51.040Z,"Reykjanes Ridge",earthquake,8.4,1.9,0.078,16,reviewed,us,us
2019-12-20T05:58:26.981Z,37.3033,71.9252,98.01,4.5,mb,,79,0.309,0.83,us,us70006nyf,2020-01-12T06:47:10.553Z,"10km ENE of Roshtqal'a, Tajikistan",earthquake,7.7,6.5,0.163,11,reviewed,us,us
2019-12-20T05:44:29.647Z,59.4868,-30.3885,10,4.6,mb,,103,6.771,0.61,us,us70006ny5,2020-01-11T12:57:08.040Z,"Reykjanes Ridge",earthquake,10.6,1.9,0.077,50,reviewed,us,us
2019-12-20T04:41:16.548Z,36.3897,68.8996,44.52,4.5,mb,,75,1.325,0.99,us,us70006nxm,2019-12-24T22:49:21.040Z,"33km NNE of Baghlan, Afghanistan",earthquake,5.6,10.2,0.132,17,reviewed,us,us
2019-12-20T03:45:52.178Z,6.6019,125.2649,10,4.6,mb,,120,0.559,0.88,us,us70006wz5,2020-01-10T01:41:48.040Z,"3km ESE of Kiblawan, Philippines",earthquake,7.3,1.9,0.094,34,reviewed,us,us
2019-12-20T03:08:53.624Z,15.419,-91.7304,197.5,4.5,mb,,126,0.241,0.62,us,us70006nwm,2019-12-20T03:30:45.040Z,"2km NW of Colotenango, Guatemala",earthquake,9.5,7.4,0.084,42,reviewed,us,us
2019-12-19T22:16:20.980Z,34.6953,79.7421,10,4.5,mb,,109,5.466,0.75,us,us70006nu2,2019-12-31T02:03:34.477Z,"141km N of Rutog, China",earthquake,8.7,1.9,0.093,34,reviewed,us,us
2019-12-19T20:28:41.682Z,30.6445,131.036,42.12,4.9,mb,,94,0.996,0.73,us,us70006nnv,2020-01-07T20:11:14.040Z,"10km SSE of Nishinoomote, Japan",earthquake,6.8,6.2,0.051,121,reviewed,us,us
2019-12-19T20:13:03.802Z,18.6549,145.5099,177.51,4.5,mb,,43,5.074,0.97,us,us70006uar,2020-01-07T23:49:51.040Z,"20km SW of Agrihan, Northern Mariana Islands",earthquake,10.9,6.7,0.076,51,reviewed,us,us
2019-12-19T19:01:53.725Z,5.1655,94.4046,51.03,4.6,mb,,98,2.533,0.86,us,us70006nm3,2020-01-07T19:59:30.040Z,"110km WSW of Banda Aceh, Indonesia",earthquake,8.7,6.6,0.081,46,reviewed,us,us
2019-12-19T18:36:40.962Z,-23.9878,-67.0534,220.33,4.6,mb,,87,1.459,0.82,us,us70006nlj,2020-01-07T19:57:26.040Z,"78km WNW of San Antonio de los Cobres, Argentina",earthquake,8.9,4.3,0.172,10,reviewed,us,us
2019-12-19T17:24:06.454Z,-18.0922,-174.9587,138.7,4.6,mb,,78,4.871,0.44,us,us70006ual,2020-01-07T20:52:23.040Z,"120km WNW of Neiafu, Tonga",earthquake,8.5,9.6,0.129,18,reviewed,us,us
2019-12-19T15:25:58.827Z,1.7971,8.1886,10,5.5,mww,,34,2.779,0.7,us,us70006nih,2019-12-20T19:22:09.799Z,"87km ENE of Santo Antonio, Sao Tome and Principe",earthquake,7.3,1.8,0.065,23,reviewed,us,us
2019-12-19T14:41:56.776Z,13.6794,-91.248,43.5,4.7,mb,,154,0.945,1.24,us,us70006nhs,2019-12-19T15:56:52.040Z,"49km SSW of La Gomera, Guatemala",earthquake,9.1,8.1,0.033,276,reviewed,us,us
2019-12-19T12:39:11.400Z,13.6428,-91.331,35,5.1,mb,,199,0.945,1.19,us,us70006ngc,2019-12-19T22:34:33.728Z,"57km SSW of La Gomera, Guatemala",earthquake,3.3,2,0.074,60,reviewed,us,us
2019-12-19T12:35:32.201Z,13.6896,-91.3137,31.22,5.9,mww,,126,0.908,1.42,us,us70006ng5,2019-12-20T12:37:54.597Z,"52km SSW of La Gomera, Guatemala",earthquake,7.6,4.3,0.059,28,reviewed,us,us
2019-12-19T12:23:35.126Z,-7.4068,128.8637,148.11,4.5,mb,,66,2.48,0.98,us,us70006nfp,2019-12-26T06:50:08.040Z,"277km WNW of Saumlaki, Indonesia",earthquake,9.2,9.1,0.104,27,reviewed,us,us
2019-12-19T12:07:55.798Z,32.525,87.0848,10,4.9,mb,,132,8.092,0.87,us,us70006nf9,2019-12-19T12:30:55.040Z,"205km NE of Maindong, China",earthquake,9.8,1.9,0.065,74,reviewed,us,us
2019-12-19T11:55:32.506Z,18.5517,145.6138,186.76,5.6,mww,,21,3.296,1.11,us,us70006nf0,2020-01-10T12:05:41.240Z,"24km SSW of Agrihan, Northern Mariana Islands",earthquake,8,5.9,0.071,19,reviewed,us,us
2019-12-19T10:58:36.601Z,-23.6281,-179.9137,502.01,4.8,mb,,64,6.155,1.26,us,us70006nef,2019-12-19T11:27:23.040Z,"South of the Fiji Islands",earthquake,13,7.3,0.036,237,reviewed,us,us
2019-12-19T10:11:51.495Z,6.6868,125.2688,10,4.7,mb,,87,0.489,0.76,us,us70006ne6,2019-12-19T12:24:09.297Z,"1km ENE of Matanao, Philippines",earthquake,4.9,1.9,0.115,23,reviewed,us,us
2019-12-19T08:41:24.350Z,-59.7402,-26.2286,35,4.5,mb,,112,15.195,0.48,us,us70006ua6,2020-01-11T12:48:51.040Z,"80km SSE of Bristol Island, South Sandwich Islands",earthquake,14.1,2,0.113,23,reviewed,us,us
2019-12-19T07:10:58.828Z,6.6124,125.2501,10,4.5,mb,,105,0.559,0.12,us,us70006ua4,2020-01-10T12:49:14.040Z,"1km E of Kiblawan, Philippines",earthquake,10,1.9,0.171,10,reviewed,us,us
2019-12-19T06:21:33.937Z,40.6017,142.106,54.79,5.1,mww,,82,0.813,0.84,us,us70006nbm,2019-12-19T13:33:21.007Z,"52km ENE of Hachinohe, Japan",earthquake,5.9,5.8,0.08,15,reviewed,us,us
2019-12-19T04:49:39.280Z,-26.2885,178.3809,623.63,5.5,mww,,45,4.4,1.02,us,us70006nak,2019-12-20T04:51:15.969Z,"South of the Fiji Islands",earthquake,10.5,5.9,0.08,15,reviewed,us,us
2019-12-19T00:33:04.862Z,-1.5643,67.7961,10,4.7,mb,,62,5.585,0.67,us,us70006n9b,2020-01-08T00:08:31.040Z,"Carlsberg Ridge",earthquake,10.8,1.8,0.077,52,reviewed,us,us
2019-12-19T00:23:40.885Z,36.2574,140.7844,85.08,4.6,mb,,120,2.066,0.84,us,us70006n94,2020-01-04T04:54:19.040Z,"17km ESE of Oarai, Japan",earthquake,6.8,7.4,0.088,38,reviewed,us,us
2019-12-19T00:19:23.098Z,37.4717,-24.7342,10,4.5,mb,,160,0.691,0.45,us,us70006u9w,2020-01-04T04:44:27.040Z,"61km ESE of Furnas, Portugal",earthquake,6.8,1.9,0.157,12,reviewed,us,us
2019-12-18T22:39:14.897Z,-31.502,76.694,10,4.6,mb,,84,45.511,0.66,us,us70006u9p,2020-01-04T04:21:09.040Z,"Mid-Indian Ridge",earthquake,15.5,1.9,0.141,15,reviewed,us,us
2019-12-18T22:11:05.382Z,-5.3793,152.119,61.82,5,mb,,95,1.181,0.6,us,us70006n78,2020-01-04T04:00:03.040Z,"114km S of Kokopo, Papua New Guinea",earthquake,8.6,7.3,0.066,74,reviewed,us,us
2019-12-18T21:52:04.357Z,58.5347,-137.6983,2,5.1,mww,,,,1.11,ak,ak019g6hzf53,2020-01-12T22:02:06.670Z,"115km W of Gustavus, Alaska",earthquake,,0.2,,,reviewed,ak,ak
2019-12-18T20:25:57.794Z,46.9511,152.6625,79.47,4.9,mb,,96,6.778,0.79,us,us60006td2,2020-01-06T20:54:12.040Z,"Kuril Islands",earthquake,7.7,5.8,0.033,280,reviewed,us,us
2019-12-18T17:39:07.055Z,-21.8021,-68.481,119.1,4.5,mwr,,43,0.707,0.85,us,us60006t9z,2020-01-06T20:11:31.040Z,"87km NNE of Calama, Chile",earthquake,6.9,2.1,,,reviewed,us,guc
2019-12-18T17:02:24.082Z,-5.9793,147.1509,83,4.5,mb,,99,3.403,0.73,us,us60006t9d,2020-01-07T19:48:03.040Z,"84km NNE of Lae, Papua New Guinea",earthquake,8.6,7,0.104,27,reviewed,us,us
2019-12-18T14:18:29.305Z,6.5748,125.2228,10,4.5,mb,,91,0.605,0.51,us,us70006u96,2020-01-10T12:40:19.040Z,"4km SSW of Kiblawan, Philippines",earthquake,4.9,1.9,0.128,18,reviewed,us,us
2019-12-18T14:09:17.268Z,33.5899,71.63,46.36,4.5,mb,,91,1.368,0.69,us,us60006t6q,2020-01-10T12:37:57.292Z,"16km E of Kohat, Pakistan",earthquake,6.2,6.3,0.081,52,reviewed,us,us
2019-12-18T12:24:58.210Z,-15.4309,-72.4383,134.19,4.6,mb,,133,3.545,0.99,us,us60006t5u,2019-12-18T13:12:15.040Z,"20km SSW of Orcopampa, Peru",earthquake,9.2,11.6,0.182,9,reviewed,us,us
2019-12-18T12:19:57.848Z,-23.3662,-177.1577,167.5,5.3,mww,,34,5.895,1.16,us,us60006t5r,2019-12-18T16:16:16.040Z,"South of the Fiji Islands",earthquake,10.4,6.5,0.08,15,reviewed,us,us
2019-12-18T11:54:17.077Z,43.432,145.8823,110.76,4.7,mb,,133,2.457,0.7,us,us60006t5k,2019-12-18T12:15:57.040Z,"27km ENE of Nemuro, Japan",earthquake,9.2,7.8,0.059,87,reviewed,us,us
2019-12-18T09:51:17.414Z,38.4891,-29.0528,10,4.8,mb,,83,2.875,0.73,us,us60006t4j,2019-12-19T00:31:39.206Z,"30km W of Ribeira Grande, Portugal",earthquake,11,1.9,0.049,131,reviewed,us,us
2019-12-18T09:18:23.116Z,23.3277,142.5401,57.37,4.9,mb,,95,3.765,0.99,us,us60006t44,2019-12-18T09:36:02.040Z,"202km SE of Iwo Jima, Japan",earthquake,10.7,7.6,0.052,117,reviewed,us,us
2019-12-18T08:11:03.916Z,-20.2541,-69.0268,97.87,4.9,mb,,56,0.163,0.99,us,us60006t3a,2019-12-19T23:28:05.040Z,"116km E of Iquique, Chile",earthquake,6.4,6,0.075,55,reviewed,us,us
2019-12-18T04:44:14.427Z,-41.1773,-89.2325,10,5.5,mww,,126,11.173,0.93,us,us60006t11,2019-12-19T04:46:17.434Z,"Southeast of Easter Island",earthquake,11.6,1.9,0.051,37,reviewed,us,us
2019-12-18T03:46:44.246Z,76.0226,7.0876,10,4.8,mb,,120,3.001,0.98,us,us60006t0j,2019-12-18T03:59:17.040Z,"Svalbard region",earthquake,9.6,1.9,0.054,106,reviewed,us,us
2019-12-18T02:58:16.278Z,9.5362,126.5871,36.23,4.5,mb,,141,2.645,0.61,us,us70006u8l,2020-01-04T01:06:14.040Z,"51km ENE of Cortes, Philippines",earthquake,7.4,8.5,0.099,30,reviewed,us,us
2019-12-18T01:56:44.349Z,-29.7563,-178.4871,10,5.9,mww,,56,0.704,0.84,us,us60006szl,2020-01-03T23:56:35.412Z,"78km SW of Raoul Island, New Zealand",earthquake,6.3,1.7,0.043,52,reviewed,us,us
2019-12-18T00:32:16.234Z,-23.5484,-179.9472,541.41,4.8,mb,,69,5.954,0.93,us,us60006sy5,2020-01-08T05:23:54.040Z,"South of the Fiji Islands",earthquake,11.2,6,0.074,57,reviewed,us,us
2019-12-18T00:22:33.171Z,6.7104,125.1864,10,5,mb,,68,0.528,1.06,us,us60006sxu,2020-01-08T05:16:56.040Z,"6km S of Magsaysay, Philippines",earthquake,6.7,1.8,0.044,165,reviewed,us,us
2019-12-18T00:14:06.807Z,29.6104,104.9543,10,4.9,mww,,23,3.995,0.7,us,us60006sxj,2020-01-08T05:13:46.053Z,"10km WNW of Neijiang, China",earthquake,7.1,0.8,0.075,17,reviewed,us,us
2019-12-17T23:35:21.850Z,27.3397,128.352,41.25,5.2,mww,,77,0.506,0.86,us,us60006sxb,2020-01-08T03:56:57.660Z,"91km NNE of Nago, Japan",earthquake,6.5,2.2,0.069,20,reviewed,us,us
2019-12-17T23:35:16.728Z,27.3515,128.3476,35,4.5,mb,,139,0.517,0.75,us,us70006u77,2020-01-08T03:57:36.040Z,"92km NNE of Nago, Japan",earthquake,7.2,1.9,0.078,48,reviewed,us,us
2019-12-17T21:49:28.572Z,-25.2866,-176.9942,59.98,4.5,mb,,124,4.029,1.36,us,us70006u75,2020-01-07T05:47:22.040Z,"South of the Fiji Islands",earthquake,8.1,6.4,0.111,24,reviewed,us,us
2019-12-17T21:26:52.858Z,-60.7602,-40.9393,10,4.7,mb,,63,6.92,0.77,us,us70006u6y,2020-01-07T05:30:20.040Z,"Scotia Sea",earthquake,10.9,1.8,0.112,24,reviewed,us,us
2019-12-17T20:23:01.139Z,-22.4873,170.4242,10,4.8,mww,,98,2.436,1.2,us,us60006stq,2019-12-18T20:07:47.040Z,"167km W of Ile Hunter, New Caledonia",earthquake,7.7,1.9,0.086,13,reviewed,us,us
2019-12-17T20:18:04.853Z,6.5217,125.5161,11.45,5.4,mww,,52,0.548,0.9,us,us60006st8,2019-12-18T20:20:19.953Z,"3km ESE of Basiawan, Philippines",earthquake,8.1,2.4,0.073,18,reviewed,us,us
2019-12-17T16:43:13.639Z,-54.0628,6.6731,10,4.7,mb,,140,18.154,0.91,us,us70006u72,2020-01-06T19:13:28.040Z,"219km E of Bouvet Island, Bouvet Island",earthquake,15.6,1.9,0.142,15,reviewed,us,us
2019-12-17T16:25:40.457Z,47.6892,153.508,59.89,4.5,mb,,164,6.049,0.49,us,us70006u70,2020-01-06T17:58:41.040Z,"Kuril Islands",earthquake,11.1,6.4,0.072,56,reviewed,us,us
2019-12-17T07:32:24.738Z,-44.4898,37.1471,10,4.8,mb,,54,13.975,1.05,us,us60006skh,2019-12-17T08:38:02.040Z,"273km N of Marion Island, Prince Edward Islands",earthquake,9.3,1.8,0.098,32,reviewed,us,us
2019-12-17T06:45:19.858Z,18.817,147.09,51.92,4.9,mb,,83,3.767,0.54,us,us60006sk8,2019-12-17T07:13:45.040Z,"150km E of Agrihan, Northern Mariana Islands",earthquake,8,6.6,0.054,127,reviewed,us,us
2019-12-17T06:07:17.303Z,6.618,125.1816,10,4.9,mb,,74,0.597,1.06,us,us60006sjw,2019-12-17T07:24:30.851Z,"6km W of Kiblawan, Philippines",earthquake,5,1.9,0.074,75,reviewed,us,us
2019-12-17T02:04:05.322Z,-23.4153,-179.9663,542.41,5.1,mb,,63,5.938,0.87,us,us60006shv,2019-12-17T02:19:13.040Z,"South of the Fiji Islands",earthquake,11.1,8.9,0.091,39,reviewed,us,us
2019-12-16T22:15:21.098Z,-14.4256,167.484,197.05,4.5,mb,,127,1.051,1.1,us,us70006tt5,2020-01-07T05:12:54.040Z,"60km S of Sola, Vanuatu",earthquake,15.8,7.3,0.079,47,reviewed,us,us
2019-12-16T21:04:05.867Z,23.4459,142.5619,115.62,4.5,mb,,78,3.65,0.74,us,us60006scf,2020-01-07T04:20:46.040Z,"193km SE of Iwo Jima, Japan",earthquake,12.1,6.9,0.092,35,reviewed,us,us
2019-12-16T18:57:46.441Z,1.6408,126.429,41.83,4.7,mb,,100,1.274,1.07,us,us60006s9v,2020-01-06T19:04:26.040Z,"140km NW of Kota Ternate, Indonesia",earthquake,8.9,7.3,0.072,58,reviewed,us,us
2019-12-16T17:19:51.289Z,-15.192,-173.0808,10,4.9,mb,,65,1.794,1.2,us,us60006s86,2020-01-06T18:52:16.040Z,"110km NE of Hihifo, Tonga",earthquake,8.7,1.9,0.09,39,reviewed,us,us
2019-12-16T16:46:47.842Z,-8.4384,158.9771,70.89,5.4,mww,,47,7.978,0.87,us,us60006s7q,2020-01-05T20:04:39.326Z,"43km S of Dadali, Solomon Islands",earthquake,9.4,4.6,0.054,33,reviewed,us,us
2019-12-16T16:21:53.474Z,6.557,125.3074,10,4.9,mww,,90,0.576,0.76,us,us60006s7h,2020-01-05T19:36:30.288Z,"6km SW of Sulop, Philippines",earthquake,6.2,1.9,0.078,16,reviewed,us,us
2019-12-16T15:05:05.663Z,-21.6471,-176.8116,212.85,4.6,mb,,110,6.202,0.72,us,us70006tsw,2020-01-02T22:22:13.040Z,"174km WSW of Havelu, Tonga",earthquake,5.1,6.3,0.066,69,reviewed,us,us
2019-12-16T14:49:16.108Z,-2.9702,100.9448,40.28,5.6,mww,,95,2.436,0.73,us,us60006s6p,2020-01-02T21:57:27.697Z,"109km SSW of Sungaipenuh, Indonesia",earthquake,7.4,4.3,0.062,25,reviewed,us,us
2019-12-16T14:07:14.362Z,18.0146,-99.2832,43.56,4.5,mb,,28,0.332,0.64,us,us70006u06,2020-01-05T19:33:54.040Z,"17km W of Copalillo, Mexico",earthquake,2.6,9.1,0.192,10,reviewed,us,us
2019-12-16T13:52:21.415Z,-5.9742,129.9961,205.43,4.6,mb,,66,2.377,0.74,us,us60006s66,2020-01-02T21:49:33.040Z,"262km NNW of Saumlaki, Indonesia",earthquake,9.8,9,0.116,22,reviewed,us,us
2019-12-16T13:48:00.577Z,6.675,125.151,10,4.5,mb,,79,0.578,0.76,us,us60006s6b,2020-01-02T21:45:14.040Z,"10km SSW of Magsaysay, Philippines",earthquake,7.1,1.9,0.106,26,reviewed,us,us
2019-12-16T13:17:45.177Z,-38.0285,49.3605,10,4.6,mb,,54,8.597,0.88,us,us70006tss,2020-01-02T21:35:50.040Z,"Southwest Indian Ridge",earthquake,10.9,1.9,0.122,20,reviewed,us,us
2019-12-16T13:01:56.397Z,-12.6786,166.2997,10,4.6,mb,,89,2.888,1.02,us,us70006tsq,2020-01-02T21:19:01.040Z,"190km NW of Sola, Vanuatu",earthquake,6.9,1.8,0.109,25,reviewed,us,us
2019-12-16T12:52:33.719Z,-7.1081,106.0285,57.61,4.8,mb,,173,4.098,0.63,us,us60006s5l,2019-12-16T14:15:30.040Z,"26km SSW of Panyaungan Timur, Indonesia",earthquake,10,6.3,0.084,44,reviewed,us,us
2019-12-16T12:34:02.734Z,6.7122,125.1409,10,4.6,mb,,98,0.561,0.83,us,us60006s5g,2019-12-16T13:01:08.040Z,"7km SW of Magsaysay, Philippines",earthquake,7.5,1.9,0.122,20,reviewed,us,us
2019-12-16T11:25:58.239Z,24.509,121.7971,51.53,4.9,mb,,38,0.381,1.25,us,us60006s4x,2019-12-17T23:56:21.688Z,"11km SSW of Su'ao, Taiwan",earthquake,5.1,5.9,0.055,105,reviewed,us,us
2019-12-16T08:53:31.144Z,6.6238,125.4821,25.66,5,mww,,89,0.453,0.93,us,us60006s3m,2019-12-16T09:13:02.040Z,"4km ENE of Tanlad, Philippines",earthquake,7.3,4.5,0.08,15,reviewed,us,us
2019-12-16T08:25:27.190Z,38.0696,20.3665,25.14,4.7,mb,,97,1.524,0.78,us,us60006s36,2019-12-16T09:00:36.040Z,"15km SSW of Lixourion, Greece",earthquake,6.6,4.4,0.142,15,reviewed,us,us
2019-12-16T07:41:51.596Z,4.451,123.0299,571.25,4.5,mb,,84,3.633,0.72,us,us60006s2g,2019-12-16T08:05:49.040Z,"215km SE of Tabiauan, Philippines",earthquake,10.2,8.7,0.087,39,reviewed,us,us
2019-12-16T06:18:35.026Z,-52.8363,10.8405,10,4.6,mb,,141,19.845,0.54,us,us70006tsl,2020-01-12T13:03:50.040Z,"Southwest of Africa",earthquake,11.4,1.8,0.152,13,reviewed,us,us
2019-12-16T04:50:33.338Z,-18.4054,-172.1401,10,4.6,mb,,69,2.2,0.84,us,us60006s10,2020-01-07T04:16:53.040Z,"196km E of Neiafu, Tonga",earthquake,7.1,1.9,0.128,18,reviewed,us,us
2019-12-16T04:13:23.226Z,0.045,123.9303,115.63,4.5,mb,,62,1.583,1.06,us,us60006s0d,2020-01-07T03:37:01.040Z,"38km S of Molibagu, Indonesia",earthquake,7,6.1,0.077,49,reviewed,us,us
2019-12-16T02:34:36.027Z,6.6587,125.1198,10,4.7,mb,,78,0.612,0.94,us,us60006rzg,2020-01-07T03:04:34.040Z,"13km SSW of Magsaysay, Philippines",earthquake,4.5,1.9,0.088,39,reviewed,us,us
2019-12-16T01:29:28.352Z,-6.2192,150.4901,10,4.5,mb,,138,2.614,1.12,us,us60006rys,2020-01-03T03:08:35.040Z,"83km SSE of Kimbe, Papua New Guinea",earthquake,12.3,1.9,0.14,15,reviewed,us,us
2019-12-15T21:52:03.207Z,42.7899,141.9526,42.95,4.6,mb,,80,1.181,0.64,us,us60006rwz,2019-12-16T03:07:17.972Z,"24km E of Chitose, Japan",earthquake,6.1,7.7,0.044,154,reviewed,us,us
2019-12-15T20:59:20.887Z,0.4509,96.4297,36.16,4.7,mb,,136,1.425,0.99,us,us60006rwl,2020-01-12T20:12:05.040Z,"224km S of Sinabang, Indonesia",earthquake,9.1,6.7,0.093,35,reviewed,us,us
2019-12-15T19:58:37.967Z,32.9588,141.9172,25.8,4.6,mb,,112,1.773,1.32,us,us60006rw9,2020-01-12T19:52:40.040Z,"198km E of Hachijo-jima, Japan",earthquake,8,5.4,0.103,28,reviewed,us,us
2019-12-15T19:42:55.366Z,12.5453,-86.8725,166.97,4.6,mb,,130,0.075,0.72,us,us60006rvv,2020-01-12T19:49:44.040Z,"2km NNW of Telica, Nicaragua",earthquake,7.1,6.4,0.094,34,reviewed,us,us
2019-12-15T19:23:37.471Z,-14.5096,-72.3758,103.65,4.9,mb,,133,4.138,1.18,us,us60006rvh,2020-01-12T19:44:07.040Z,"32km WSW of Santo Tomas, Peru",earthquake,10.3,10.2,0.034,271,reviewed,us,us
2019-12-15T19:13:50.535Z,35.1224,140.833,49.96,4.7,mb,,127,2.173,0.58,us,us60006rvf,2020-01-12T19:33:41.760Z,"43km ESE of Ohara, Japan",earthquake,5.5,8.9,0.142,15,reviewed,us,us
2019-12-15T19:02:02.544Z,6.5996,125.184,10,4.9,mb,,78,0.61,0.85,us,us60006rv6,2020-01-12T17:33:56.040Z,"6km WSW of Kiblawan, Philippines",earthquake,5,1.9,0.085,43,reviewed,us,us
2019-12-15T18:42:07.035Z,-24.1727,-67.0824,159.65,5,mww,,44,1.577,1.22,us,us60006rv1,2020-01-12T17:29:46.040Z,"77km W of San Antonio de los Cobres, Argentina",earthquake,8.2,5.4,0.075,17,reviewed,us,us
2019-12-15T18:24:05.127Z,6.5886,125.2234,10,4.9,mb,,89,0.594,1.26,us,us60006rux,2020-01-12T17:12:29.040Z,"3km SSW of Kiblawan, Philippines",earthquake,6.5,1.9,0.08,49,reviewed,us,us
2019-12-15T18:16:44.336Z,6.4528,125.3931,10,4.6,mb,,109,0.64,1.02,us,us60006ruu,2020-01-12T17:06:33.040Z,"9km WSW of Pung-Pang, Philippines",earthquake,7.5,1.9,0.132,17,reviewed,us,us
2019-12-15T17:57:06.856Z,-26.887,-65.3713,36.89,5,mb,,73,3.357,0.61,us,us60006rul,2020-01-12T15:26:20.233Z,"9km SW of Yerba Buena, Argentina",earthquake,7.4,6.9,0.038,217,reviewed,us,us
2019-12-15T16:32:28.056Z,-15.3787,167.5261,113.41,4.9,mb,,59,0.318,0.75,us,us60006ru7,2020-01-02T20:40:39.040Z,"42km ENE of Luganville, Vanuatu",earthquake,11,5.1,0.081,48,reviewed,us,us
2019-12-15T16:16:27.361Z,-48.9725,105.1034,10,5,mb,,62,17.584,0.61,us,us60006ru1,2020-01-02T20:05:51.040Z,"Southeast Indian Ridge",earthquake,12.4,1.9,0.087,42,reviewed,us,us
2019-12-15T16:11:44.855Z,6.5702,125.3178,10,4.6,mb,,98,0.56,1.28,us,us60006rub,2020-01-02T20:54:27.040Z,"4km SW of Sulop, Philippines",earthquake,5.2,1.8,0.076,52,reviewed,us,us
2019-12-15T15:41:39.886Z,-55.5837,-129.0547,10,5,mb,,70,30.49,0.81,us,us60006rtz,2020-01-02T19:56:18.040Z,"Pacific-Antarctic Ridge",earthquake,13.5,1.8,0.084,45,reviewed,us,us
2019-12-15T15:34:39.666Z,6.5247,125.3267,6.06,4.6,mb,,81,0.596,0.25,us,us70006tp0,2020-01-02T19:54:18.040Z,"8km SSW of Sulop, Philippines",earthquake,7.3,4.6,0.111,24,reviewed,us,us
2019-12-15T15:14:46.222Z,6.55,125.2444,10,4.7,mb,,91,0.614,0.42,us,us70006tnz,2020-01-02T19:42:32.040Z,"7km S of Kiblawan, Philippines",earthquake,6.5,1.8,0.115,23,reviewed,us,us
2019-12-15T15:11:16.845Z,-5.4857,153.0814,10,4.7,mb,,86,1.578,0.48,us,us60006rte,2020-01-02T19:31:21.040Z,"112km S of Taron, Papua New Guinea",earthquake,8.2,1.9,0.077,51,reviewed,us,us
2019-12-15T15:11:03.056Z,-54.089,-129.9301,10,5.3,mb,,84,28.983,0.77,us,us60006t8l,2020-01-02T19:26:29.040Z,"Pacific-Antarctic Ridge",earthquake,9.1,1.9,0.109,28,reviewed,us,us
2019-12-15T15:02:02.800Z,6.7125,125.077,9.63,4.5,mb,,71,0.612,0.98,us,us70006tnw,2020-01-02T18:28:06.040Z,"13km WSW of Magsaysay, Philippines",earthquake,6.7,3,0.095,32,reviewed,us,us
2019-12-15T14:40:34.116Z,-22.2445,-177.7291,215.92,4.6,mb,,199,5.98,0.48,us,us60006rsx,2020-01-02T18:14:02.040Z,"203km SSE of Ndoi Island, Fiji",earthquake,17,15.3,0.122,20,reviewed,us,us
2019-12-15T14:36:40.581Z,6.6291,125.2274,13.12,4.7,mb,,100,0.56,0.68,us,us70006tpe,2020-01-02T18:08:04.040Z,"1km NNW of Kiblawan, Philippines",earthquake,6.7,5.8,0.142,16,reviewed,us,us
2019-12-15T14:09:11.232Z,1.7451,127.2816,109.41,5.3,mww,,44,0.97,0.75,us,us60006rsm,2020-01-02T17:33:07.953Z,"81km W of Tobelo, Indonesia",earthquake,7.1,5.6,0.078,16,reviewed,us,us
2019-12-15T13:07:18.826Z,6.5001,125.1904,10,4.5,mb,,91,0.685,0.65,us,us70006tns,2020-01-02T17:09:09.040Z,"13km SSW of Kiblawan, Philippines",earthquake,7,1.9,0.118,23,reviewed,us,us
2019-12-15T12:38:53.560Z,6.5737,125.2244,10,5.3,mb,,80,0.605,0.6,us,us60006rs7,2020-01-10T10:58:06.040Z,"4km SSW of Kiblawan, Philippines",earthquake,6.5,1.9,0.064,82,reviewed,us,us
2019-12-15T11:15:35.384Z,6.5822,125.1669,10,4.7,mb,,78,0.634,0.53,us,us60006rrn,2020-01-10T10:42:54.040Z,"8km WSW of Kiblawan, Philippines",earthquake,6.7,1.9,0.079,49,reviewed,us,us
2019-12-15T10:08:40.076Z,6.7326,125.1348,10,4.5,mb,,86,0.553,0.41,us,us70006tnf,2020-01-10T10:25:15.040Z,"6km SW of Magsaysay, Philippines",earthquake,7.1,1.9,0.135,16,reviewed,us,us
2019-12-15T09:52:23.169Z,-37.5448,177.1905,149.78,5,mww,,89,0.887,0.9,us,us60006rr2,2020-01-10T10:20:52.343Z,"49km NNE of Whakatane, New Zealand",earthquake,8.3,6.6,0.078,16,reviewed,us,us
2019-12-15T08:56:13.204Z,6.5142,125.2631,10,4.9,mb,,96,0.634,0.72,us,us70006tnb,2020-01-12T12:02:11.040Z,"11km SSE of Kiblawan, Philippines",earthquake,7.4,1.9,0.081,47,reviewed,us,us
2019-12-15T08:55:11.891Z,6.6416,125.4002,10,4.7,mb,,98,0.46,0.64,us,us60006rq9,2020-01-12T11:48:39.040Z,"5km N of Malalag, Philippines",earthquake,6.6,1.9,0.059,87,reviewed,us,us
2019-12-15T08:51:08.737Z,6.531,125.1184,10.42,4.7,mb,,88,0.704,0.85,us,us60006rq8,2020-01-12T11:42:40.040Z,"8km E of Lambayong, Philippines",earthquake,6.6,3.9,0.091,37,reviewed,us,us
2019-12-15T07:56:50.014Z,6.7988,125.2055,15.45,4.9,mb,,72,0.458,0.78,us,us60006rq6,2020-01-12T13:51:56.040Z,"1km NNW of Bansalan, Philippines",earthquake,6.9,5.1,0.07,64,reviewed,us,us
2019-12-15T07:53:44.034Z,6.6038,125.2866,15.54,5,mb,,80,0.546,0.61,us,us60006rpz,2020-01-12T13:43:17.040Z,"5km ESE of Kiblawan, Philippines",earthquake,3.9,4.5,0.053,115,reviewed,us,us
2019-12-15T07:49:54.502Z,6.696,125.1567,14.2,5,mb,,77,0.56,0.6,us,us60006rpx,2020-01-12T13:35:37.040Z,"8km SSW of Magsaysay, Philippines",earthquake,6.6,4.7,0.061,85,reviewed,us,us
2019-12-15T07:33:55.192Z,6.609,125.262,10.51,4.7,mb,,91,0.555,0.65,us,us60006rpv,2020-01-12T12:31:42.040Z,"2km ESE of Kiblawan, Philippines",earthquake,5.9,5.1,0.088,39,reviewed,us,us
2019-12-15T07:18:12.263Z,6.7167,125.2808,13.69,5,mb,,86,0.459,0.6,us,us60006rpy,2020-01-12T12:13:23.040Z,"2km NW of Ignit, Philippines",earthquake,6.1,4.7,0.07,64,reviewed,us,us
2019-12-15T07:09:20.910Z,6.5335,125.2599,10,5.6,mww,,36,0.619,0.82,us,us60006rpn,2020-01-12T13:21:46.522Z,"9km SSE of Kiblawan, Philippines",earthquake,7.5,1.8,0.055,32,reviewed,us,us
2019-12-15T06:52:43.154Z,6.5293,125.3622,10,4.9,mb,,97,0.578,0.76,us,us60006rpj,2020-01-12T12:52:21.040Z,"6km S of New Baclayon, Philippines",earthquake,7.3,1.9,0.077,53,reviewed,us,us
2019-12-15T06:34:57.525Z,6.8102,125.2932,17.98,4.9,mb,,68,0.383,0.98,us,us60006rpk,2020-01-12T12:38:31.040Z,"3km WNW of Goma, Philippines",earthquake,6.9,5.4,0.082,47,reviewed,us,us
2019-12-15T06:32:25.092Z,6.6312,125.2585,11.01,5,mb,,82,0.539,0.83,us,us60006rpf,2020-01-12T12:42:05.040Z,"3km NE of Kiblawan, Philippines",earthquake,6.2,4.7,0.063,81,reviewed,us,us
2019-12-15T06:11:51.155Z,6.6969,125.1739,18,6.8,mww,,39,0.546,1.05,us,us60006rp9,2020-01-12T07:09:57.730Z,"7km S of Magsaysay, Philippines",earthquake,8,1.7,0.051,37,reviewed,us,us
2019-12-15T04:59:56.541Z,-24.1354,69.6398,10,4.5,mb,,153,51.079,0.39,us,us70006tng,2020-01-11T04:50:21.040Z,"Mid-Indian Ridge",earthquake,7,1.9,0.205,7,reviewed,us,us
2019-12-15T00:33:43.813Z,48.919,154.8362,62.16,4.6,mb,,123,4.567,0.49,us,us60006rm7,2020-01-03T06:29:17.040Z,"216km SSW of Severo-Kuril'sk, Russia",earthquake,9.3,6.8,0.056,95,reviewed,us,us
2019-12-15T00:26:26.673Z,48.9459,154.8386,65.83,4.6,mb,,99,4.541,0.46,us,us60006rm5,2020-01-03T06:10:31.040Z,"213km SSW of Severo-Kuril'sk, Russia",earthquake,9.3,6.5,0.065,70,reviewed,us,us
2019-12-14T18:53:22.363Z,38.9314,79.1553,49.56,4.6,mwr,,85,2.267,0.63,us,us60006rj1,2019-12-17T16:59:50.040Z,"176km ENE of Shache, China",earthquake,7.4,6.8,0.086,13,reviewed,us,us
2019-12-14T16:36:03.668Z,-16.2764,176.9734,10,4.6,mb,,173,1.788,1.01,us,us60006ri5,2020-01-12T15:06:00.040Z,"157km NNW of Lautoka, Fiji",earthquake,9,2,0.146,16,reviewed,us,us
2019-12-14T12:51:04.767Z,49.0503,154.8384,78.45,4.5,mb,,135,4.445,0.61,us,us60006rh7,2019-12-14T13:52:17.040Z,"203km SSW of Severo-Kuril'sk, Russia",earthquake,10.9,7.6,0.056,93,reviewed,us,us
2019-12-14T12:06:20.093Z,-6.1748,152.3278,10,4.9,mb,,114,1.977,0.59,us,us60006rgx,2019-12-15T07:02:02.635Z,"201km S of Kokopo, Papua New Guinea",earthquake,7.1,1.8,0.068,68,reviewed,us,us
2019-12-14T09:28:18.076Z,-22.8027,69.3392,10,4.8,mb,,52,20.871,0.46,us,us60006rg6,2020-01-11T09:29:35.040Z,"Mid-Indian Ridge",earthquake,6.9,1.8,0.074,57,reviewed,us,us
2019-12-14T08:13:19.829Z,-14.4669,167.8537,10,4.5,mb,,160,1.159,0.75,us,us70006piq,2020-01-10T10:09:31.040Z,"72km SSE of Sola, Vanuatu",earthquake,13.5,1.9,0.127,18,reviewed,us,us
2019-12-14T07:27:01.421Z,12.9159,-90.4331,10,4.5,mb,,190,1.805,1.32,us,us60006rfn,2020-01-09T12:47:14.040Z,"99km SW of Acajutla, El Salvador",earthquake,6.1,1.9,0.104,27,reviewed,us,us
2019-12-14T06:52:51.951Z,1.4432,126.3037,10,4.6,mb,,98,1.254,0.63,us,us70006pin,2020-01-09T12:40:01.040Z,"124km E of Bitung, Indonesia",earthquake,5.2,1.9,0.158,12,reviewed,us,us
2019-12-14T06:45:02.772Z,-5.6188,150.251,126.98,4.9,mb,,68,2.375,0.72,us,us60006rfd,2020-01-09T11:55:25.040Z,"14km ESE of Kimbe, Papua New Guinea",earthquake,8,7.7,0.097,33,reviewed,us,us
2019-12-14T06:39:45.896Z,6.4648,126.2923,87.09,4.8,mb,,102,0.928,0.71,us,us60006rfb,2020-01-09T11:49:02.040Z,"17km NE of Pondaguitan, Philippines",earthquake,6.6,6.6,0.085,43,reviewed,us,us
2019-12-14T06:12:35.505Z,-39.3217,176.1095,60.29,5,mww,,110,0.335,0.83,us,us60006rf4,2020-01-09T11:44:51.727Z,"38km SSE of Turangi, New Zealand",earthquake,4,5.3,0.08,15,reviewed,us,us
2019-12-14T05:25:44.682Z,-3.6365,-12.0528,10,4.6,mb,,68,4.846,1.44,us,us70006pih,2020-01-09T11:32:56.040Z,"North of Ascension Island",earthquake,10.2,1.9,0.207,8,reviewed,us,us
2019-12-14T05:03:21.088Z,-14.4665,167.9572,10,4.6,mb,,164,1.217,0.88,us,us70006pjd,2020-01-09T10:56:52.040Z,"78km SE of Sola, Vanuatu",earthquake,12.9,1.9,0.157,13,reviewed,us,us
2019-12-14T04:57:34.937Z,-14.3628,167.7089,7.51,6,mww,,25,1.183,1.38,us,us60006rem,2020-01-11T03:55:49.058Z,"55km SSE of Sola, Vanuatu",earthquake,7.4,3.4,0.058,29,reviewed,us,us
2019-12-14T04:17:44.575Z,-28.2757,-176.3669,35,4.7,mb,,76,1.677,1.26,us,us60006re7,2020-01-11T03:33:32.040Z,"185km NE of Raoul Island, New Zealand",earthquake,11.4,1.9,0.166,11,reviewed,us,us
